-- phpMyAdmin SQL Dump
-- version 5.0.4
-- https://www.phpmyadmin.net/
--
-- 主机： localhost
-- 生成日期： 2021-01-03 12:21:44
-- 服务器版本： 5.5.62-log
-- PHP 版本： 7.4.12

SET SQL_MODE = "NO_AUTO_VALUE_ON_ZERO";
START TRANSACTION;
SET time_zone = "+00:00";


/*!40101 SET @OLD_CHARACTER_SET_CLIENT=@@CHARACTER_SET_CLIENT */;
/*!40101 SET @OLD_CHARACTER_SET_RESULTS=@@CHARACTER_SET_RESULTS */;
/*!40101 SET @OLD_COLLATION_CONNECTION=@@COLLATION_CONNECTION */;
/*!40101 SET NAMES utf8mb4 */;

--
-- 数据库： `seckill`
--

-- --------------------------------------------------------

--
-- 表的结构 `admin_group`
--

CREATE TABLE `admin_group` (
  `id` tinyint(3) UNSIGNED NOT NULL,
  `name` varchar(50) NOT NULL,
  `description` text,
  `rules` varchar(500) NOT NULL DEFAULT '' COMMENT '用户组拥有的规则id，多个规则 , 隔开',
  `listorder` smallint(5) UNSIGNED NOT NULL DEFAULT '0',
  `updatetime` int(11) DEFAULT NULL
) ENGINE=InnoDB DEFAULT CHARSET=utf8;

--
-- 转存表中的数据 `admin_group`
--

INSERT INTO `admin_group` (`id`, `name`, `description`, `rules`, `listorder`, `updatetime`) VALUES
(1, '系统管理员', '管理员设置、系统设置、顾客账号管理、商品种类管理', '', 0, 1477622552),
(2, '秒杀管理员', '顾客账号管理、商品种类管理', '19,20,21,22,23,24,25,26,27,28,29,30,31,32,33', 0, 1476067479),
(3, '商品管理员', '商品种类管理', '24,25,26,27,28,29,30,31,32,33', 0, 1479969527);

-- --------------------------------------------------------

--
-- 表的结构 `admin_group_access`
--

CREATE TABLE `admin_group_access` (
  `uid` int(10) UNSIGNED NOT NULL COMMENT '用户id',
  `group_id` mediumint(8) UNSIGNED NOT NULL COMMENT '用户组id'
) ENGINE=InnoDB DEFAULT CHARSET=utf8;

--
-- 转存表中的数据 `admin_group_access`
--

INSERT INTO `admin_group_access` (`uid`, `group_id`) VALUES
(1, 1),
(4, 1),
(5, 1),
(2, 2),
(3, 3);

-- --------------------------------------------------------

--
-- 表的结构 `admin_log`
--

CREATE TABLE `admin_log` (
  `id` int(10) UNSIGNED NOT NULL,
  `m` varchar(15) NOT NULL,
  `c` varchar(20) NOT NULL,
  `a` varchar(20) NOT NULL,
  `querystring` varchar(255) NOT NULL,
  `userid` mediumint(8) UNSIGNED NOT NULL DEFAULT '0',
  `username` varchar(20) NOT NULL,
  `ip` int(10) NOT NULL,
  `time` int(11) NOT NULL DEFAULT '0'
) ENGINE=InnoDB DEFAULT CHARSET=utf8;

--
-- 转存表中的数据 `admin_log`
--

INSERT INTO `admin_log` (`id`, `m`, `c`, `a`, `querystring`, `userid`, `username`, `ip`, `time`) VALUES
(1, 'admin', 'Admin', 'index', '', 1, 'adminuser1', 1931205069, 1609405481),
(2, 'admin', 'Admin', 'edit', '?username=adminuser2', 1, 'adminuser1', 1931205069, 1609405483),
(3, 'admin', 'Admin', 'edit', '?username=adminuser2', 1, 'adminuser1', 1931205069, 1609405988),
(4, 'admin', 'Admin', 'edit', '?username=adminuser2', 1, 'adminuser1', 1931205069, 1609406089),
(5, 'admin', 'Admin', 'index', '', 1, 'adminuser1', 1931205069, 1609406140),
(6, 'admin', 'Admin', 'edit', '?username=adminuser1', 1, 'adminuser1', 1931205069, 1609406143),
(7, 'admin', 'Menu', 'index', '', 1, 'adminuser1', 1931205069, 1609406701),
(8, 'admin', 'Admin', 'edit', '?username=adminuser1', 1, 'adminuser1', 1931205069, 1609406748),
(9, 'admin', 'Admin', 'edit', '?username=adminuser1', 1, 'adminuser1', 1931205069, 1609406750),
(10, 'admin', 'Menu', 'index', '', 1, 'adminuser1', 1931205069, 1609406754),
(11, 'admin', 'Admin', 'edit', '?username=adminuser1', 1, 'adminuser1', 1931205069, 1609406776),
(12, 'admin', 'Menu', 'index', '', 1, 'adminuser1', 1931205069, 1609406778),
(13, 'admin', 'Admin', 'edit', '?username=adminuser1', 1, 'adminuser1', 1931205069, 1609406814),
(14, 'admin', 'Menu', 'index', '', 1, 'adminuser1', 1931205069, 1609406819),
(15, 'admin', 'Admin', 'edit', '?username=adminuser1', 1, 'adminuser1', 1931205069, 1609406865),
(16, 'admin', 'Menu', 'index', '', 1, 'adminuser1', 1931205069, 1609406868),
(17, 'admin', 'Group', 'index', '', 1, 'adminuser1', 1931205069, 1609406893),
(18, 'admin', 'Group', 'index', '', 1, 'adminuser1', 1931205069, 1609406963),
(19, 'admin', 'Admin', 'index', '', 1, 'adminuser1', 1931205069, 1609406974),
(20, 'admin', 'Group', 'index', '', 1, 'adminuser1', 1931205069, 1609406975),
(21, 'admin', 'Menu', 'index', '', 1, 'adminuser1', 1931205069, 1609406977),
(22, 'admin', 'Menu', 'index', '', 1, 'adminuser1', 1931205069, 1609407013),
(23, 'admin', 'Menu', 'index', '', 1, 'adminuser1', 1931205069, 1609407021),
(24, 'admin', 'Menu', 'index', '', 1, 'adminuser1', 1931205069, 1609412544),
(25, 'admin', 'Menu', 'index', '', 1, 'adminuser1', 1931205069, 1609412642),
(26, 'admin', 'Menu', 'index', '', 1, 'adminuser1', 1931205069, 1609412729),
(27, 'admin', 'Menu', 'index', '', 1, 'adminuser1', 1931205069, 1609412752),
(28, 'admin', 'Menu', 'index', '', 1, 'adminuser1', 1931205069, 1609412826),
(29, 'admin', 'Menu', 'index', '', 1, 'adminuser1', 1931205069, 1609412943),
(30, 'admin', 'Menu', 'index', '', 1, 'adminuser1', 1931205069, 1609412945),
(31, 'admin', 'Menu', 'index', '', 1, 'adminuser1', 1931205069, 1609412966),
(32, 'admin', 'Menu', 'index', '', 1, 'adminuser1', 1931205069, 1609413344),
(33, 'admin', 'Menu', 'index', '', 1, 'adminuser1', 1931205069, 1609413405),
(34, 'admin', 'Menu', 'index', '', 1, 'adminuser1', 1931205069, 1609413601),
(35, 'admin', 'Menu', 'index', '', 1, 'adminuser1', 1931205069, 1609413604),
(36, 'admin', 'Menu', 'index', '', 1, 'adminuser1', 1931205069, 1609413730),
(37, 'admin', 'Menu', 'index', '', 1, 'adminuser1', 1931205069, 1609413751),
(38, 'admin', 'Menu', 'index', '', 1, 'adminuser1', 1931205069, 1609413773),
(39, 'admin', 'Menu', 'index', '', 1, 'adminuser1', 1931205069, 1609414782),
(40, 'admin', 'Menu', 'index', '', 1, 'adminuser1', 1931205069, 1609415324),
(41, 'admin', 'Menu', 'index', '', 1, 'adminuser1', 1931205069, 1609416155),
(42, 'admin', 'Client', 'index', '', 1, 'adminuser1', 1931205069, 1609416697),
(43, 'admin', 'Client', 'index', '', 1, 'adminuser1', 1931205069, 1609416756),
(44, 'admin', 'Client', 'index', '', 1, 'adminuser1', 1931205069, 1609417175),
(45, 'admin', 'Client', 'index', '', 1, 'adminuser1', 1931205069, 1609417204),
(46, 'admin', 'Client', 'index', '?page=2', 1, 'adminuser1', 1931205069, 1609417213),
(47, 'admin', 'Client', 'index', '?page=40', 1, 'adminuser1', 1931205069, 1609417218),
(48, 'admin', 'Client', 'index', '?page=1', 1, 'adminuser1', 1931205069, 1609417227),
(49, 'admin', 'Client', 'add', '', 1, 'adminuser1', 1931205069, 1609417577),
(50, 'admin', 'Client', 'index', '', 1, 'adminuser1', 1931205069, 1609417699),
(51, 'admin', 'Client', 'add', '', 1, 'adminuser1', 1931205069, 1609417885),
(52, 'admin', 'Client', 'add', '', 1, 'adminuser1', 1931205069, 1609417909),
(53, 'admin', 'Client', 'index', '', 1, 'adminuser1', 1931205069, 1609417912),
(54, 'admin', 'Client', 'index', '?page=41', 1, 'adminuser1', 1931205069, 1609417917),
(55, 'admin', 'Client', 'index', '?page=41', 1, 'adminuser1', 1931205069, 1609417942),
(56, 'admin', 'Client', 'edit', '?username=1001', 1, 'adminuser1', 1931205069, 1609418602),
(57, 'admin', 'Client', 'index', '?page=41', 1, 'adminuser1', 1931205069, 1609418631),
(58, 'admin', 'Client', 'edit', '?id=1001', 1, 'adminuser1', 1931205069, 1609418633),
(59, 'admin', 'Client', 'edit', '', 1, 'adminuser1', 1931205069, 1609418655),
(60, 'admin', 'Client', 'edit', '?id=1001', 1, 'adminuser1', 1931205069, 1609418701),
(61, 'admin', 'Client', 'edit', '', 1, 'adminuser1', 1931205069, 1609418709),
(62, 'admin', 'Client', 'edit', '?id=1001', 1, 'adminuser1', 1931205069, 1609418754),
(63, 'admin', 'Client', 'edit', '', 1, 'adminuser1', 1931205069, 1609418758),
(64, 'admin', 'Client', 'index', '', 1, 'adminuser1', 1931205069, 1609418761),
(65, 'admin', 'Client', 'index', '?page=41', 1, 'adminuser1', 1931205069, 1609418764),
(66, 'admin', 'Client', 'edit', '?id=1001', 1, 'adminuser1', 1931205069, 1609418767),
(67, 'admin', 'Client', 'edit', '', 1, 'adminuser1', 1931205069, 1609418771),
(68, 'admin', 'Client', 'index', '', 1, 'adminuser1', 1931205069, 1609418773),
(69, 'admin', 'Client', 'index', '?page=41', 1, 'adminuser1', 1931205069, 1609418777),
(70, 'admin', 'Client', 'edit', '?id=1001', 1, 'adminuser1', 1931205069, 1609418779),
(71, 'admin', 'Client', 'edit', '', 1, 'adminuser1', 1931205069, 1609418786),
(72, 'admin', 'Client', 'index', '', 1, 'adminuser1', 1931205069, 1609418789),
(73, 'admin', 'Client', 'index', '', 1, 'adminuser1', 1931205069, 1609419506),
(74, 'admin', 'Client', 'index', '', 1, 'adminuser1', 1931205069, 1609419508),
(75, 'admin', 'Client', 'index', '?page=41', 1, 'adminuser1', 1931205069, 1609419511),
(76, 'admin', 'Client', 'del', '?id=1001', 1, 'adminuser1', 1931205069, 1609419514),
(77, 'admin', 'Client', 'index', '', 1, 'adminuser1', 1931205069, 1609419517),
(78, 'admin', 'Client', 'index', '?page=41', 1, 'adminuser1', 1931205069, 1609419535),
(79, 'admin', 'Client', 'del', '?id=1001', 1, 'adminuser1', 1931205069, 1609419537),
(80, 'admin', 'Client', 'index', '', 1, 'adminuser1', 1931205069, 1609419539),
(81, 'admin', 'Client', 'add', '', 1, 'adminuser1', 1931205069, 1609419541),
(82, 'admin', 'Client', 'index', '', 1, 'adminuser1', 1931205069, 1609419547),
(83, 'admin', 'Menu', 'index', '', 1, 'adminuser1', 1931205069, 1609419552),
(84, 'admin', 'Admin', 'index', '', 1, 'adminuser1', 1931205069, 1609419557),
(85, 'admin', 'Group', 'index', '', 1, 'adminuser1', 1931205069, 1609419559),
(86, 'admin', 'Group', 'index', '', 1, 'adminuser1', 1931205069, 1609419565),
(87, 'admin', 'Client', 'index', '', 1, 'adminuser1', 1931205069, 1609419775),
(88, 'admin', 'Client', 'edit', '?id=1', 1, 'adminuser1', 1931205069, 1609419777),
(89, 'admin', 'Client', 'edit', '', 1, 'adminuser1', 1931205069, 1609419803),
(90, 'admin', 'Client', 'edit', '?id=1', 1, 'adminuser1', 1931205069, 1609419816),
(91, 'admin', 'Group', 'index', '', 1, 'adminuser1', 1931205069, 1609419847),
(92, 'admin', 'Group', 'edit', '?id=1', 1, 'adminuser1', 1931205069, 1609419848),
(93, 'admin', 'Group', 'edit', '?id=1', 1, 'adminuser1', 1931205069, 1609419854),
(94, 'admin', 'Group', 'edit', '?id=1', 1, 'adminuser1', 1931205069, 1609420175),
(95, 'admin', 'Group', 'edit', '?id=1', 1, 'adminuser1', 1931205069, 1609420177),
(96, 'admin', 'Goods', 'index', '', 1, 'adminuser1', 1931205069, 1609420229),
(97, 'admin', 'Client', 'index', '', 1, 'adminuser1', 1931205069, 1609420324),
(98, 'admin', 'Client', 'edit', '?id=1', 1, 'adminuser1', 1931205069, 1609420327),
(99, 'admin', 'Goods', 'index', '', 1, 'adminuser1', 1931205069, 1609420783),
(100, 'admin', 'Goods', 'add', '', 1, 'adminuser1', 1931205069, 1609420786),
(101, 'admin', 'Goods', 'index', '', 1, 'adminuser1', 1931205069, 1609420790),
(102, 'admin', 'Goods', 'edit', '?id=1', 1, 'adminuser1', 1931205069, 1609420792),
(103, 'admin', 'Goods', 'edit', '?id=1', 1, 'adminuser1', 1931205069, 1609420818),
(104, 'admin', 'Goods', 'index', '', 1, 'adminuser1', 1931205069, 1609420824),
(105, 'admin', 'Goods', 'add', '', 1, 'adminuser1', 1931205069, 1609420856),
(106, 'admin', 'Goods', 'add', '', 1, 'adminuser1', 1931205069, 1609421113),
(107, 'admin', 'Goods', 'index', '', 1, 'adminuser1', 1931205069, 1609421114),
(108, 'admin', 'Goods', 'add', '', 1, 'adminuser1', 1931205069, 1609421115),
(109, 'admin', 'Goods', 'add', '', 1, 'adminuser1', 1931205069, 1609421146),
(110, 'admin', 'Goods', 'index', '', 1, 'adminuser1', 1931205069, 1609421149),
(111, 'admin', 'Goods', 'edit', '?id=2', 1, 'adminuser1', 1931205069, 1609421987),
(112, 'admin', 'Goods', 'edit', '', 1, 'adminuser1', 1931205069, 1609422058),
(113, 'admin', 'Goods', 'edit', '?id=2', 1, 'adminuser1', 1931205069, 1609422067),
(114, 'admin', 'Goods', 'index', '', 1, 'adminuser1', 1931205069, 1609422071),
(115, 'admin', 'Goods', 'edit', '?id=2', 1, 'adminuser1', 1931205069, 1609422089),
(116, 'admin', 'Goods', 'edit', '', 1, 'adminuser1', 1931205069, 1609422098),
(117, 'admin', 'Goods', 'index', '', 1, 'adminuser1', 1931205069, 1609422101),
(118, 'admin', 'Goods', 'edit', '?id=2', 1, 'adminuser1', 1931205069, 1609422118),
(119, 'admin', 'Goods', 'edit', '', 1, 'adminuser1', 1931205069, 1609422120),
(120, 'admin', 'Goods', 'index', '', 1, 'adminuser1', 1931205069, 1609422123),
(121, 'admin', 'Goods', 'edit', '?id=2', 1, 'adminuser1', 1931205069, 1609422125),
(122, 'admin', 'Goods', 'edit', '', 1, 'adminuser1', 1931205069, 1609422145),
(123, 'admin', 'Goods', 'index', '', 1, 'adminuser1', 1931205069, 1609422148),
(124, 'admin', 'Goods', 'edit', '?id=2', 1, 'adminuser1', 1931205069, 1609422150),
(125, 'admin', 'Goods', 'index', '', 1, 'adminuser1', 1931205069, 1609422612),
(126, 'admin', 'Goods', 'edit', '?id=2', 1, 'adminuser1', 1931205069, 1609422618),
(127, 'admin', 'Goods', 'edit', '', 1, 'adminuser1', 1931205069, 1609422625),
(128, 'admin', 'Goods', 'edit', '?id=2', 1, 'adminuser1', 1931205069, 1609422654),
(129, 'admin', 'Goods', 'edit', '', 1, 'adminuser1', 1931205069, 1609422661),
(130, 'admin', 'Goods', 'index', '', 1, 'adminuser1', 1931205069, 1609422664),
(131, 'admin', 'Goods', 'del', '?id=2', 1, 'adminuser1', 1931205069, 1609422668),
(132, 'admin', 'Goods', 'index', '', 1, 'adminuser1', 1931205069, 1609422672),
(133, 'admin', 'Goods', 'del', '?id=2', 1, 'adminuser1', 1931205069, 1609422735),
(134, 'admin', 'Goods', 'index', '', 1, 'adminuser1', 1931205069, 1609422738),
(135, 'admin', 'Goods', 'del', '?id=2', 1, 'adminuser1', 1931205069, 1609422757),
(136, 'admin', 'Goods', 'index', '', 1, 'adminuser1', 1931205069, 1609422761),
(137, 'admin', 'Goods', 'del', '?id=2', 1, 'adminuser1', 1931205069, 1609422802),
(138, 'admin', 'Goods', 'index', '', 1, 'adminuser1', 1931205069, 1609422804),
(139, 'admin', 'Goods', 'add', '', 1, 'adminuser1', 1931205069, 1609422807),
(140, 'admin', 'Goods', 'add', '', 1, 'adminuser1', 1931205069, 1609422824),
(141, 'admin', 'Goods', 'index', '', 1, 'adminuser1', 1931205069, 1609422826),
(142, 'admin', 'Goods', 'index', '', 1, 'adminuser1', 1931205069, 1609422852),
(143, 'admin', 'Goods', 'index', '', 1, 'adminuser1', 1931205069, 1609422921),
(144, 'admin', 'Client', 'index', '', 1, 'adminuser1', 1931205069, 1609422930),
(145, 'admin', 'Goods', 'index', '', 1, 'adminuser1', 1931205069, 1609422932),
(146, 'admin', 'Admin', 'public_edit_info', '', 1, 'adminuser1', 1931205069, 1609423658),
(147, 'admin', 'Goods', 'index', '', 1, 'adminuser1', 1931205069, 1609423816),
(148, 'admin', 'Admin', 'public_edit_info', '', 1, 'adminuser1', 1931205069, 1609423818),
(149, 'admin', 'Admin', 'public_edit_info', '', 1, 'adminuser1', 1931205069, 1609423833),
(150, 'admin', 'Admin', 'edit', '', 1, 'adminuser1', 1931205069, 1609423852),
(151, 'admin', 'Admin', 'index', '', 1, 'adminuser1', 1931205069, 1609423855),
(152, 'admin', 'Admin', 'public_edit_info', '', 1, 'adminuser1', 1931205069, 1609423885),
(153, 'admin', 'Admin', 'public_edit_info', '', 1, 'adminuser1', 1931205069, 1609423891),
(154, 'admin', 'Admin', 'public_edit_info', '', 1, 'adminuser1', 1931205069, 1609423895),
(155, 'admin', 'Admin', 'public_edit_info', '', 1, 'adminuser1', 1931205069, 1609423992),
(156, 'admin', 'Admin', 'public_edit_info', '', 1, 'adminuser1', 1931205069, 1609424017),
(157, 'admin', 'Admin', 'public_edit_info', '', 1, 'adminuser1', 1931205069, 1609424028),
(158, 'admin', 'Admin', 'index', '', 1, 'adminuser1', 1931205069, 1609424031),
(159, 'admin', 'Admin', 'public_edit_info', '', 1, 'adminuser1', 1931205069, 1609424078),
(160, 'admin', 'Admin', 'public_edit_info', '', 1, 'adminuser1', 1931205069, 1609424082),
(161, 'admin', 'Admin', 'public_edit_info', '', 1, 'adminuser1', 1931205069, 1609424085),
(162, 'admin', 'Admin', 'public_edit_info', '', 1, 'adminuser1', 1931205069, 1609424097),
(163, 'admin', 'Admin', 'public_edit_info', '', 1, 'adminuser1', 1931205069, 1609424100),
(164, 'admin', 'Admin', 'index', '', 1, 'adminuser1', 1931205069, 1609424159),
(165, 'admin', 'Admin', 'public_edit_info', '', 1, 'adminuser1', 1931205069, 1609424221),
(166, 'admin', 'Admin', 'public_edit_info', '', 1, 'adminuser1', 1931205069, 1609424291),
(167, 'admin', 'Admin', 'public_edit_info', '', 1, 'adminuser1', 1931205069, 1609424293),
(168, 'admin', 'Admin', 'public_edit_info', '', 1, 'adminuser1', 1931205069, 1609424323),
(169, 'admin', 'Admin', 'public_edit_info', '', 1, 'adminuser1', 1931205069, 1609424326),
(170, 'admin', 'Admin', 'public_edit_info', '', 1, 'adminuser1', 1931205069, 1609424341),
(171, 'admin', 'Admin', 'index', '', 5, 'adminuser5', 1931205069, 1609424507),
(172, 'admin', 'Admin', 'edit', '?username=adminuser1', 5, 'adminuser5', 1931205069, 1609424510),
(173, 'admin', 'Admin', 'edit', '', 5, 'adminuser5', 1931205069, 1609424539),
(174, 'admin', 'Admin', 'index', '', 5, 'adminuser5', 1931205069, 1609424542),
(175, 'admin', 'Admin', 'public_edit_info', '', 1, 'adminuser1', 1931205069, 1609424569),
(176, 'admin', 'Admin', 'public_edit_info', '', 1, 'adminuser1', 1931205069, 1609424579),
(177, 'admin', 'Admin', 'index', '', 5, 'adminuser5', 1931205069, 1609424749),
(178, 'admin', 'Admin', 'edit', '?username=adminuser1', 5, 'adminuser5', 1931205069, 1609424751),
(179, 'admin', 'Admin', 'edit', '', 5, 'adminuser5', 1931205069, 1609424765),
(180, 'admin', 'Admin', 'index', '', 5, 'adminuser5', 1931205069, 1609424768),
(181, 'admin', 'Admin', 'public_edit_info', '', 1, 'adminuser1', 1931205069, 1609425226),
(182, 'admin', 'Admin', 'public_edit_info', '', 1, 'adminuser1', 1931205069, 1609425231),
(183, 'admin', 'Admin', 'index', '', 1, 'adminuser7', 1931205069, 1609425268),
(184, 'admin', 'Admin', 'edit', '?username=adminuser7', 1, 'adminuser7', 1931205069, 1609425272),
(185, 'admin', 'Admin', 'edit', '', 1, 'adminuser7', 1931205069, 1609425278),
(186, 'admin', 'Admin', 'index', '', 1, 'adminuser7', 1931205069, 1609425280),
(187, 'admin', 'Admin', 'index', '', 5, 'adminuser5', 1931205069, 1609425327),
(188, 'admin', 'Admin', 'edit', '?username=adminuser7', 5, 'adminuser5', 1931205069, 1609425332),
(189, 'admin', 'Admin', 'edit', '', 5, 'adminuser5', 1931205069, 1609425336),
(190, 'admin', 'Admin', 'index', '', 5, 'adminuser5', 1931205069, 1609425339),
(191, 'admin', 'Admin', 'edit', '?username=adminuser7', 5, 'adminuser5', 1931205069, 1609425382),
(192, 'admin', 'Admin', 'edit', '?username=adminuser7', 5, 'adminuser5', 1931203953, 1609472087),
(193, 'admin', 'Admin', 'public_edit_info', '', 5, 'adminuser5', 1931203953, 1609472100),
(194, 'admin', 'Admin', 'public_edit_info', '', 5, 'adminuser5', 1931203953, 1609472109),
(195, 'admin', 'Admin', 'public_edit_info', '', 5, 'adminuser5', 1931203953, 1609472123),
(196, 'admin', 'Admin', 'public_edit_info', '', 5, 'adminuser5', 1931203953, 1609472126),
(197, 'admin', 'Admin', 'public_edit_info', '', 5, 'adminuser5', 1931203953, 1609472130),
(198, 'admin', 'Admin', 'public_edit_info', '', 5, 'adminuser5', 1931203953, 1609472134),
(199, 'admin', 'Goods', 'index', '', 5, 'adminuser5', 1931203953, 1609472141),
(200, 'admin', 'Goods', 'index', '', 5, 'adminuser5', 1931203953, 1609472950),
(201, 'admin', 'Goods', 'index', '', 5, 'adminuser5', 1931203953, 1609472962),
(202, 'admin', 'Goods', 'detail', '?id=1', 5, 'adminuser5', 1931203953, 1609472964),
(203, 'admin', 'Goods', 'detail', '?id=1', 5, 'adminuser5', 1931203953, 1609472987),
(204, 'admin', 'Goods', 'detail', '?id=1', 5, 'adminuser5', 1931203953, 1609473146),
(205, 'admin', 'Goods', 'detail', '?id=1', 5, 'adminuser5', 1931203953, 1609473286),
(206, 'admin', 'Goods', 'index', '', 5, 'adminuser5', 1931203953, 1609473287),
(207, 'admin', 'Goods', 'detail', '?id=1', 5, 'adminuser5', 1931203953, 1609473293),
(208, 'admin', 'Goods', 'index', '', 5, 'adminuser5', 1931203953, 1609473458),
(209, 'admin', 'Goods', 'detail', '?id=1', 5, 'adminuser5', 1931203953, 1609473460),
(210, 'admin', 'Goods', 'detail', '?id=1', 5, 'adminuser5', 1931203953, 1609473485),
(211, 'admin', 'Goods', 'detail', '?id=1', 5, 'adminuser5', 1931203953, 1609473495),
(212, 'admin', 'Goods', 'detail', '?id=1', 5, 'adminuser5', 1931203953, 1609473537),
(213, 'admin', 'Goods', 'detail', '?id=1', 5, 'adminuser5', 1931203953, 1609473741),
(214, 'admin', 'Goods', 'detail', '?id=1', 5, 'adminuser5', 1931203953, 1609473765),
(215, 'admin', 'Goods', 'index', '', 5, 'adminuser5', 1931203953, 1609473809),
(216, 'admin', 'Goods', 'detail', '?id=1', 5, 'adminuser5', 1931203953, 1609473812),
(217, 'admin', 'Goods', 'detail', '?id=1', 5, 'adminuser5', 1931203953, 1609473843),
(218, 'admin', 'Goods', 'index', '', 5, 'adminuser5', 1931203953, 1609473862),
(219, 'admin', 'Goods', 'detail', '?id=1', 5, 'adminuser5', 1931203953, 1609473864),
(220, 'admin', 'Goods', 'detail', '?id=1', 5, 'adminuser5', 1931203953, 1609473915),
(221, 'admin', 'Goods', 'index', '', 5, 'adminuser5', 1931203953, 1609473946),
(222, 'admin', 'Goods', 'detail', '?id=1', 5, 'adminuser5', 1931203953, 1609473948),
(223, 'admin', 'Goods', 'index', '', 5, 'adminuser5', 1931203953, 1609473982),
(224, 'admin', 'Goods', 'index', '', 5, 'adminuser5', 1931203953, 1609473985),
(225, 'admin', 'Goods', 'detail', '?id=1', 5, 'adminuser5', 1931203953, 1609473987),
(226, 'admin', 'Goods', 'detail', '?id=1', 5, 'adminuser5', 1931203953, 1609474039),
(227, 'admin', 'Goods', 'detail', '?id=1', 5, 'adminuser5', 1931203953, 1609474040),
(228, 'admin', 'Goods', 'index', '', 5, 'adminuser5', 1931203953, 1609474041),
(229, 'admin', 'Goods', 'detail', '?id=1', 5, 'adminuser5', 1931203953, 1609474045),
(230, 'admin', 'Goods', 'index', '', 5, 'adminuser5', 1931203953, 1609474089),
(231, 'admin', 'Goods', 'detail', '?id=1', 5, 'adminuser5', 1931203953, 1609474090),
(232, 'admin', 'Goods', 'index', '', 5, 'adminuser5', 1931203953, 1609474178),
(233, 'admin', 'Goods', 'detail', '?id=1', 5, 'adminuser5', 1931203953, 1609474183),
(234, 'admin', 'Goods', 'index', '', 5, 'adminuser5', 1931203953, 1609474272),
(235, 'admin', 'Goods', 'detail', '?id=1', 5, 'adminuser5', 1931203953, 1609474274),
(236, 'admin', 'Goods', 'index', '', 5, 'adminuser5', 1931203953, 1609474308),
(237, 'admin', 'Goods', 'detail', '?id=2', 5, 'adminuser5', 1931203953, 1609474309),
(238, 'admin', 'Goods', 'detail', '?id=2', 5, 'adminuser5', 1931203953, 1609474453),
(239, 'admin', 'Client', 'index', '', 5, 'adminuser5', 1931203953, 1609474477),
(240, 'admin', 'Menu', 'index', '', 5, 'adminuser5', 1931203953, 1609474544),
(241, 'admin', 'Menu', 'index', '', 5, 'adminuser5', 1931203953, 1609474547),
(242, 'admin', 'Client', 'index', '', 5, 'adminuser5', 1931203953, 1609474549),
(243, 'admin', 'Goods', 'index', '', 5, 'adminuser5', 1931203953, 1609474554),
(244, 'admin', 'Admin', 'public_edit_info', '', 5, 'adminuser5', 1931203953, 1609474556),
(245, 'admin', 'Menu', 'index', '', 5, 'adminuser5', 1931203953, 1609474559),
(246, 'admin', 'Admin', 'index', '', 5, 'adminuser5', 1931203953, 1609474566),
(247, 'admin', 'Group', 'index', '', 5, 'adminuser5', 1931203953, 1609474568),
(248, 'admin', 'Client', 'index', '', 5, 'adminuser5', 1931203953, 1609474828),
(249, 'admin', 'Client', 'index', '', 5, 'adminuser5', 1931203953, 1609475420),
(250, 'admin', 'Goods', 'index', '', 5, 'adminuser5', 1931203953, 1609475421),
(251, 'admin', 'Admin', 'public_edit_info', '', 5, 'adminuser5', 1931203953, 1609475422),
(252, 'admin', 'Admin', 'public_edit_info', '', 5, 'adminuser5', 1931203953, 1609475426),
(253, 'admin', 'Admin', 'public_edit_info', '', 5, 'adminuser5', 1931203953, 1609475461),
(254, 'admin', 'Goods', 'index', '', 5, 'adminuser5', 1931203953, 1609475763),
(255, 'admin', 'Goods', 'detail', '?id=1', 5, 'adminuser5', 1931203953, 1609475766),
(256, 'admin', 'Admin', 'index', '', 5, 'adminuser5', 1931203953, 1609476868),
(257, 'admin', 'Group', 'index', '', 5, 'adminuser5', 1931203953, 1609476869),
(258, 'admin', 'Menu', 'index', '', 5, 'adminuser5', 1931203953, 1609476871),
(259, 'admin', 'Client', 'index', '', 5, 'adminuser5', 1931203953, 1609476875),
(260, 'admin', 'Goods', 'index', '', 5, 'adminuser5', 1931203953, 1609476877),
(261, 'admin', 'Admin', 'public_edit_info', '', 5, 'adminuser5', 1931203953, 1609476878),
(262, 'admin', 'Admin', 'index', '', 5, 'adminuser5', 1931203953, 1609476886),
(263, 'admin', 'Admin', 'add', '', 5, 'adminuser5', 1931203953, 1609476887),
(264, 'admin', 'Admin', 'index', '', 5, 'adminuser5', 1931203953, 1609476889),
(265, 'admin', 'Admin', 'edit', '?username=adminuser7', 5, 'adminuser5', 1931203953, 1609476891),
(266, 'admin', 'Admin', 'index', '', 5, 'adminuser5', 1931203953, 1609476893),
(267, 'admin', 'Group', 'index', '', 5, 'adminuser5', 1931203953, 1609476895),
(268, 'admin', 'Group', 'add', '', 5, 'adminuser5', 1931203953, 1609476896),
(269, 'admin', 'Group', 'index', '', 5, 'adminuser5', 1931203953, 1609476900),
(270, 'admin', 'Group', 'edit', '?id=2', 5, 'adminuser5', 1931203953, 1609476901),
(271, 'admin', 'Menu', 'index', '', 5, 'adminuser5', 1931203953, 1609476904),
(272, 'admin', 'Client', 'index', '', 5, 'adminuser5', 1931203953, 1609476907),
(273, 'admin', 'Client', 'add', '', 5, 'adminuser5', 1931203953, 1609476910),
(274, 'admin', 'Client', 'index', '', 5, 'adminuser5', 1931203953, 1609476911),
(275, 'admin', 'Client', 'edit', '?id=1', 5, 'adminuser5', 1931203953, 1609476914),
(276, 'admin', 'Goods', 'index', '', 5, 'adminuser5', 1931203953, 1609476916),
(277, 'admin', 'Goods', 'add', '', 5, 'adminuser5', 1931203953, 1609476919),
(278, 'admin', 'Goods', 'index', '', 5, 'adminuser5', 1931203953, 1609476920),
(279, 'admin', 'Goods', 'detail', '?id=1', 5, 'adminuser5', 1931203953, 1609476922),
(280, 'admin', 'Goods', 'index', '', 5, 'adminuser5', 1931203953, 1609476924),
(281, 'admin', 'Goods', 'edit', '?id=1', 5, 'adminuser5', 1931203953, 1609476926),
(282, 'admin', 'Goods', 'index', '', 5, 'adminuser5', 1931203953, 1609476931),
(283, 'admin', 'Admin', 'public_edit_info', '', 5, 'adminuser5', 1931203953, 1609476932),
(284, 'admin', 'Admin', 'public_edit_info', '', 5, 'adminuser5', 1931203953, 1609476936),
(285, 'admin', 'Client', 'index', '', 5, 'adminuser5', 1931204827, 1609496707),
(286, 'admin', 'Client', 'edit', '?id=1', 5, 'adminuser5', 1931204827, 1609496712),
(287, 'admin', 'Admin', 'index', '', 5, 'adminuser5', 1931204827, 1609496757),
(288, 'admin', 'Group', 'index', '', 5, 'adminuser5', 1931204827, 1609496760),
(289, 'admin', 'Menu', 'index', '', 5, 'adminuser5', 1931204827, 1609496772),
(290, 'admin', 'Admin', 'index', '', 5, 'adminuser5', 1931204827, 1609512178),
(291, 'admin', 'Admin', 'edit', '?username=adminuser7', 5, 'adminuser5', 1931204827, 1609512183),
(292, 'admin', 'Admin', 'edit', '', 5, 'adminuser5', 1931204827, 1609512193),
(293, 'admin', 'Admin', 'index', '', 5, 'adminuser5', 1931204827, 1609512196),
(294, 'admin', 'Admin', 'index', '', 5, 'adminuser5', 1931204827, 1609512199),
(295, 'admin', 'Admin', 'index', '', 5, 'adminuser5', 1931204827, 1609512244),
(296, 'admin', 'Admin', 'edit', '?username=adminuser1', 5, 'adminuser5', 1931204827, 1609512246),
(297, 'admin', 'Admin', 'edit', '', 5, 'adminuser5', 1931204827, 1609512255),
(298, 'admin', 'Admin', 'index', '', 5, 'adminuser5', 1931204827, 1609512258),
(299, 'admin', 'Client', 'index', '', 1, 'adminuser1', 1931204827, 1609512274),
(300, 'admin', 'Client', 'index', '', 1, 'adminuser1', 1931204827, 1609512284),
(301, 'admin', 'Goods', 'index', '', 2, 'adminuser2', 1931204827, 1609512308),
(302, 'admin', 'Client', 'index', '', 2, 'adminuser2', 1931204827, 1609512310),
(303, 'admin', 'Client', 'index', '', 2, 'adminuser2', 1931204827, 1609512314),
(304, 'admin', 'Client', 'index', '', 2, 'adminuser2', 1931204827, 1609512331),
(305, 'admin', 'Client', 'index', '', 2, 'adminuser2', 1931204827, 1609512374),
(306, 'admin', 'Goods', 'index', '', 2, 'adminuser2', 1931204827, 1609512657),
(307, 'admin', 'Goods', 'index', '', 1, 'adminuser1', 1931204827, 1609512817),
(308, 'admin', 'Client', 'index', '', 1, 'adminuser1', 1931204827, 1609512819),
(309, 'admin', 'Goods', 'index', '', 1, 'adminuser1', 1931204827, 1609512824),
(310, 'admin', 'Goods', 'index', '', 1, 'adminuser1', 1931204827, 1609512825),
(311, 'admin', 'Goods', 'index', '', 1, 'adminuser1', 1931204827, 1609512827),
(312, 'admin', 'Goods', 'index', '', 1, 'adminuser1', 1931204827, 1609512828),
(313, 'admin', 'Goods', 'index', '', 1, 'adminuser1', 1931204827, 1609512829),
(314, 'admin', 'Goods', 'index', '', 1, 'adminuser1', 1931204827, 1609512831),
(315, 'admin', 'Goods', 'index', '', 1, 'adminuser1', 1931204827, 1609512919),
(316, 'admin', 'Goods', 'index', '', 1, 'adminuser1', 1931204827, 1609512927),
(317, 'admin', 'Goods', 'index', '', 1, 'adminuser1', 1931204827, 1609513068),
(318, 'admin', 'Goods', 'index', '', 1, 'adminuser1', 1931204827, 1609513294),
(319, 'admin', 'Admin', 'index', '', 1, 'adminuser1', 1931204827, 1609513296),
(320, 'admin', 'Group', 'index', '', 1, 'adminuser1', 1931204827, 1609513298),
(321, 'admin', 'Client', 'index', '', 2, 'adminuser2', 1931204827, 1609513340),
(322, 'admin', 'Client', 'add', '', 2, 'adminuser2', 1931204827, 1609513341),
(323, 'admin', 'Client', 'index', '', 2, 'adminuser2', 1931204827, 1609513343),
(324, 'admin', 'Client', 'edit', '?id=1', 2, 'adminuser2', 1931204827, 1609513344),
(325, 'admin', 'Client', 'index', '', 2, 'adminuser2', 1931204827, 1609513346),
(326, 'admin', 'Goods', 'index', '', 2, 'adminuser2', 1931204827, 1609513349),
(327, 'admin', 'Goods', 'add', '', 2, 'adminuser2', 1931204827, 1609513350),
(328, 'admin', 'Goods', 'index', '', 2, 'adminuser2', 1931204827, 1609513352),
(329, 'admin', 'Goods', 'index', '', 2, 'adminuser2', 1931204827, 1609513356),
(330, 'admin', 'Goods', 'index', '', 2, 'adminuser2', 1931204827, 1609513422),
(331, 'admin', 'Goods', 'index', '', 2, 'adminuser2', 1931204827, 1609513458),
(332, 'admin', 'Client', 'index', '', 2, 'adminuser2', 1931204827, 1609513460),
(333, 'admin', 'Goods', 'index', '', 2, 'adminuser2', 1931204827, 1609513461),
(334, 'admin', 'Goods', 'add', '', 2, 'adminuser2', 1931204827, 1609513463),
(335, 'admin', 'Goods', 'index', '', 2, 'adminuser2', 1931204827, 1609513464),
(336, 'admin', 'Goods', 'detail', '?id=1', 2, 'adminuser2', 1931204827, 1609513465),
(337, 'admin', 'Goods', 'index', '', 2, 'adminuser2', 1931204827, 1609513468),
(338, 'admin', 'Goods', 'edit', '?id=1', 2, 'adminuser2', 1931204827, 1609513469),
(339, 'admin', 'Goods', 'index', '', 2, 'adminuser2', 1931204827, 1609513471),
(340, 'admin', 'Goods', 'index', '', 2, 'adminuser2', 1931204827, 1609513475),
(341, 'admin', 'Goods', 'index', '', 2, 'adminuser2', 1931204827, 1609513735),
(342, 'admin', 'Goods', 'detail', '?id=1', 2, 'adminuser2', 1931204827, 1609513738),
(343, 'admin', 'Goods', 'detail', '?id=1', 2, 'adminuser2', 1931204827, 1609513999),
(344, 'admin', 'Order', 'index', '', 2, 'adminuser2', 1931204827, 1609514001),
(345, 'admin', 'Goods', 'detail', '?id=1', 2, 'adminuser2', 1931204827, 1609514151),
(346, 'admin', 'Order', 'index', '', 2, 'adminuser2', 1931204827, 1609514152),
(347, 'admin', 'Goods', 'detail', '?id=1', 2, 'adminuser2', 1931204827, 1609514165),
(348, 'admin', 'Order', 'index', '', 2, 'adminuser2', 1931204827, 1609514167),
(349, 'admin', 'Goods', 'detail', '?id=1', 2, 'adminuser2', 1931204827, 1609514231),
(350, 'admin', 'Order', 'index', '', 2, 'adminuser2', 1931204827, 1609514232),
(351, 'admin', 'Order', 'index', '', 2, 'adminuser2', 1931204827, 1609514270),
(352, 'admin', 'Order', 'index', '', 2, 'adminuser2', 1931204827, 1609514303),
(353, 'admin', 'Goods', 'index', '', 2, 'adminuser2', 1931204827, 1609514329),
(354, 'admin', 'Order', 'index', '', 2, 'adminuser2', 1931204827, 1609514341),
(355, 'admin', 'Admin', 'public_edit_info', '', 2, 'adminuser2', 1931204827, 1609514346),
(356, 'admin', 'Admin', 'public_edit_info', '', 2, 'adminuser2', 1931204827, 1609514351),
(357, 'admin', 'Admin', 'public_edit_info', '', 2, 'adminuser2', 1931204827, 1609514353),
(358, 'admin', 'Goods', 'index', '', 1, 'adminuser1', 1931204436, 1609551168),
(359, 'admin', 'Goods', 'index', '', 1, 'adminuser1', 1931204436, 1609551723),
(360, 'admin', 'Goods', 'time', '?id=1', 1, 'adminuser1', 1931204436, 1609551725),
(361, 'admin', 'Goods', 'time', '?id=1', 1, 'adminuser1', 1931204436, 1609551881),
(362, 'admin', 'Goods', 'index', '', 1, 'adminuser1', 1931204436, 1609552131),
(363, 'admin', 'Goods', 'time', '?id=1', 1, 'adminuser1', 1931204436, 1609552133),
(364, 'admin', 'Goods', 'time', '?id=1', 1, 'adminuser1', 1931204436, 1609552190),
(365, 'admin', 'Goods', 'edit', '', 1, 'adminuser1', 1931204436, 1609552205),
(366, 'admin', 'Goods', 'time', '?id=1', 1, 'adminuser1', 1931204436, 1609552266),
(367, 'admin', 'Goods', 'edit', '', 1, 'adminuser1', 1931204436, 1609552274),
(368, 'admin', 'Goods', 'time', '?id=1', 1, 'adminuser1', 1931204436, 1609552303),
(369, 'admin', 'Goods', 'time', '', 1, 'adminuser1', 1931204436, 1609552307),
(370, 'admin', 'Goods', 'time', '?id=1', 1, 'adminuser1', 1931204436, 1609552349),
(371, 'admin', 'Goods', 'time', '', 1, 'adminuser1', 1931204436, 1609552353),
(372, 'admin', 'Goods', 'index', '', 1, 'adminuser1', 1931204436, 1609552356),
(373, 'admin', 'Goods', 'index', '', 1, 'adminuser1', 1931204436, 1609554273),
(374, 'admin', 'Goods', 'time', '?id=1', 1, 'adminuser1', 1931204436, 1609555095),
(375, 'admin', 'Goods', 'time', '', 1, 'adminuser1', 1931204436, 1609555115),
(376, 'admin', 'Goods', 'index', '', 1, 'adminuser1', 1931204436, 1609555119),
(377, 'admin', 'Goods', 'detail', '?id=1', 1, 'adminuser1', 1931204436, 1609555194),
(378, 'admin', 'Goods', 'index', '', 1, 'adminuser1', 1931204436, 1609555197),
(379, 'admin', 'Goods', 'time', '?id=1', 1, 'adminuser1', 1931204436, 1609555199),
(380, 'admin', 'Goods', 'time', '', 1, 'adminuser1', 1931204436, 1609555205),
(381, 'admin', 'Goods', 'index', '', 1, 'adminuser1', 1931204436, 1609555209),
(382, 'admin', 'Goods', 'time', '?id=1', 1, 'adminuser1', 1931204436, 1609556111),
(383, 'admin', 'Goods', 'time', '', 1, 'adminuser1', 1931204436, 1609556122),
(384, 'admin', 'Goods', 'index', '', 1, 'adminuser1', 1931204436, 1609556125),
(385, 'admin', 'Goods', 'time', '?id=1', 1, 'adminuser1', 1931204436, 1609556134),
(386, 'admin', 'Goods', 'time', '', 1, 'adminuser1', 1931204436, 1609557036),
(387, 'admin', 'Goods', 'index', '', 1, 'adminuser1', 1931204436, 1609557039),
(388, 'admin', 'Goods', 'time', '?id=1', 1, 'adminuser1', 1931204436, 1609557174),
(389, 'admin', 'Goods', 'time', '', 1, 'adminuser1', 1931204436, 1609557184),
(390, 'admin', 'Goods', 'index', '', 1, 'adminuser1', 1931204436, 1609557188),
(391, 'admin', 'Goods', 'time', '?id=1', 1, 'adminuser1', 1931204436, 1609557477),
(392, 'admin', 'Goods', 'time', '', 1, 'adminuser1', 1931204436, 1609557485),
(393, 'admin', 'Goods', 'index', '', 1, 'adminuser1', 1931204436, 1609557489),
(394, 'admin', 'Goods', 'time', '?id=1', 1, 'adminuser1', 1931204436, 1609557495),
(395, 'admin', 'Goods', 'time', '', 1, 'adminuser1', 1931204436, 1609557499),
(396, 'admin', 'Goods', 'index', '', 1, 'adminuser1', 1931204436, 1609557503),
(397, 'admin', 'Admin', 'index', '', 1, 'adminuser1', 1931204436, 1609557895),
(398, 'admin', 'Group', 'index', '', 1, 'adminuser1', 1931204436, 1609557896),
(399, 'admin', 'Menu', 'index', '', 1, 'adminuser1', 1931204436, 1609557898),
(400, 'admin', 'Client', 'index', '', 1, 'adminuser1', 1931204436, 1609557900),
(401, 'admin', 'Order', 'index', '', 1, 'adminuser1', 1931204436, 1609557902),
(402, 'admin', 'Admin', 'public_edit_info', '', 1, 'adminuser1', 1931204436, 1609557903),
(403, 'admin', 'Admin', 'index', '', 1, 'adminuser1', 1931204436, 1609557905),
(404, 'admin', 'Admin', 'add', '', 1, 'adminuser1', 1931204436, 1609557906),
(405, 'admin', 'Admin', 'index', '', 1, 'adminuser1', 1931204436, 1609557911),
(406, 'admin', 'Admin', 'edit', '?username=adminuser1', 1, 'adminuser1', 1931204436, 1609557915),
(407, 'admin', 'Admin', 'index', '', 1, 'adminuser1', 1931204436, 1609558081),
(408, 'admin', 'Admin', 'edit', '?username=adminuser1', 1, 'adminuser1', 1931204436, 1609558083),
(409, 'admin', 'Group', 'index', '', 1, 'adminuser1', 1931204436, 1609558089),
(410, 'admin', 'Group', 'edit', '?id=1', 1, 'adminuser1', 1931204436, 1609558099),
(411, 'admin', 'Menu', 'index', '', 1, 'adminuser1', 1931204436, 1609558106),
(412, 'admin', 'Client', 'index', '', 1, 'adminuser1', 1931204436, 1609558109),
(413, 'admin', 'Client', 'edit', '?id=1', 1, 'adminuser1', 1931204436, 1609558111),
(414, 'admin', 'Goods', 'index', '', 1, 'adminuser1', 1931204436, 1609558115),
(415, 'admin', 'Goods', 'edit', '?id=1', 1, 'adminuser1', 1931204436, 1609558117),
(416, 'admin', 'Order', 'index', '', 1, 'adminuser1', 1931204436, 1609558125),
(417, 'admin', 'Admin', 'public_edit_info', '', 1, 'adminuser1', 1931204436, 1609558127),
(418, 'admin', 'Admin', 'index', '', 1, 'adminuser1', 1931204436, 1609558134),
(419, 'admin', 'Group', 'index', '', 1, 'adminuser1', 1931204436, 1609558139),
(420, 'admin', 'Admin', 'index', '', 1, 'adminuser1', 1931204436, 1609558154),
(421, 'admin', 'Admin', 'add', '', 1, 'adminuser1', 1931204436, 1609558155),
(422, 'admin', 'Group', 'index', '', 1, 'adminuser1', 1931204436, 1609558158),
(423, 'admin', 'Group', 'add', '', 1, 'adminuser1', 1931204436, 1609558159),
(424, 'admin', 'Menu', 'index', '', 1, 'adminuser1', 1931204436, 1609558178),
(425, 'admin', 'Group', 'index', '', 1, 'adminuser1', 1931204436, 1609558524),
(426, 'admin', 'Group', 'add', '', 1, 'adminuser1', 1931204436, 1609558531),
(427, 'admin', 'Admin', 'index', '', 1, 'adminuser1', 1931204436, 1609558549),
(428, 'admin', 'Group', 'index', '', 1, 'adminuser1', 1931204436, 1609558550),
(429, 'admin', 'Group', 'add', '', 1, 'adminuser1', 1931204436, 1609558552),
(430, 'admin', 'Group', 'add', '', 1, 'adminuser1', 1931204436, 1609558654),
(431, 'admin', 'Group', 'add', '', 1, 'adminuser1', 1931204436, 1609558697),
(432, 'admin', 'Group', 'index', '', 1, 'adminuser1', 1931204436, 1609558700),
(433, 'admin', 'Admin', 'index', '', 1, 'adminuser1', 1931204436, 1609558725),
(434, 'admin', 'Admin', 'index', '', 1, 'adminuser1', 1931204436, 1609558729),
(435, 'admin', 'Admin', 'add', '', 1, 'adminuser1', 1931204436, 1609558742),
(436, 'admin', 'Admin', 'index', '', 1, 'adminuser1', 1931204436, 1609558744),
(437, 'admin', 'Admin', 'add', '', 1, 'adminuser1', 1931204436, 1609558769),
(438, 'admin', 'Admin', 'index', '', 1, 'adminuser1', 1931204436, 1609558771),
(439, 'admin', 'Group', 'index', '', 1, 'adminuser1', 1931204436, 1609558994),
(440, 'admin', 'Group', 'edit', '?id=7', 1, 'adminuser1', 1931204436, 1609558996),
(441, 'admin', 'Group', 'edit', '?id=7', 1, 'adminuser1', 1931204436, 1609559037),
(442, 'admin', 'Group', 'edit', '', 1, 'adminuser1', 1931204436, 1609559042),
(443, 'admin', 'Group', 'index', '', 1, 'adminuser1', 1931204436, 1609559046),
(444, 'admin', 'Group', 'edit', '?id=7', 1, 'adminuser1', 1931204436, 1609559113),
(445, 'admin', 'Group', 'edit', '', 1, 'adminuser1', 1931204436, 1609559117),
(446, 'admin', 'Group', 'index', '', 1, 'adminuser1', 1931204436, 1609559121),
(447, 'admin', 'Group', 'index', '', 1, 'adminuser1', 1931204436, 1609568389),
(448, 'admin', 'Admin', 'index', '', 1, 'adminuser1', 1931204436, 1609568391),
(449, 'admin', 'Group', 'index', '', 1, 'adminuser1', 1931204436, 1609568392),
(450, 'admin', 'Group', 'edit', '?id=1', 1, 'adminuser1', 1931204436, 1609568394),
(451, 'admin', 'Admin', 'index', '', 1, 'adminuser1', 1931204436, 1609568400),
(452, 'admin', 'Group', 'index', '', 1, 'adminuser1', 1931204436, 1609568834),
(453, 'admin', 'Group', 'index', '', 1, 'adminuser1', 1931204436, 1609568849),
(454, 'admin', 'Group', 'index', '', 1, 'adminuser1', 1931204436, 1609568854),
(455, 'admin', 'Group', 'index', '', 1, 'adminuser1', 1931204436, 1609568863),
(456, 'admin', 'Menu', 'index', '', 1, 'adminuser1', 1931204436, 1609568867),
(457, 'admin', 'Client', 'index', '', 1, 'adminuser1', 1931204436, 1609568869),
(458, 'admin', 'Client', 'index', '', 1, 'adminuser1', 1931204436, 1609568921),
(459, 'admin', 'Admin', 'index', '', 1, 'adminuser1', 1931204436, 1609568926),
(460, 'admin', 'Admin', 'index', '', 1, 'adminuser1', 1931204436, 1609568978),
(461, 'admin', 'Admin', 'index', '', 1, 'adminuser1', 1931204436, 1609569001),
(462, 'admin', 'Admin', 'index', '', 1, 'adminuser1', 1931204436, 1609569069),
(463, 'admin', 'Admin', 'index', '', 1, 'adminuser1', 1931204436, 1609569166),
(464, 'admin', 'Admin', 'edit', '?username=adminuser5', 1, 'adminuser1', 1931204436, 1609569178),
(465, 'admin', 'Admin', 'edit', '', 1, 'adminuser1', 1931204436, 1609569193),
(466, 'admin', 'Admin', 'index', '', 1, 'adminuser1', 1931204436, 1609569195),
(467, 'admin', 'Group', 'index', '', 1, 'adminuser1', 1931204436, 1609569200),
(468, 'admin', 'Group', 'del', '?id=7', 1, 'adminuser1', 1931204436, 1609569202),
(469, 'admin', 'Group', 'index', '', 1, 'adminuser1', 1931204436, 1609569204),
(470, 'admin', 'Group', 'del', '?id=6', 1, 'adminuser1', 1931204436, 1609569226),
(471, 'admin', 'Group', 'index', '', 1, 'adminuser1', 1931204436, 1609569229),
(472, 'admin', 'Admin', 'index', '', 1, 'adminuser1', 1931204436, 1609569232),
(473, 'admin', 'Admin', 'add', '', 1, 'adminuser1', 1931204436, 1609569236),
(474, 'admin', 'Admin', 'index', '', 1, 'adminuser1', 1931204436, 1609569242),
(475, 'admin', 'Admin', 'edit', '?username=adminuser1', 1, 'adminuser1', 1931204436, 1609569244),
(476, 'admin', 'Admin', 'index', '', 1, 'adminuser1', 1931204436, 1609569246),
(477, 'admin', 'Admin', 'edit', '?username=adminuser1', 1, 'adminuser1', 1931204436, 1609569249),
(478, 'admin', 'Group', 'index', '', 1, 'adminuser1', 1931204436, 1609569252),
(479, 'admin', 'Menu', 'index', '', 1, 'adminuser1', 1931204436, 1609569256),
(480, 'admin', 'Client', 'index', '', 1, 'adminuser1', 1931204436, 1609569273),
(481, 'admin', 'Order', 'index', '', 1, 'adminuser1', 1931204436, 1609569278),
(482, 'admin', 'Goods', 'index', '', 1, 'adminuser1', 1931204436, 1609569279),
(483, 'admin', 'Client', 'index', '', 1, 'adminuser1', 1931204436, 1609569281),
(484, 'admin', 'Goods', 'index', '', 1, 'adminuser1', 1931204436, 1609569287),
(485, 'admin', 'Order', 'index', '', 1, 'adminuser1', 1931204436, 1609569292),
(486, 'admin', 'Admin', 'public_edit_info', '', 1, 'adminuser1', 1931204436, 1609569295),
(487, 'admin', 'Order', 'index', '', 1, 'adminuser1', 1931204436, 1609569299),
(488, 'admin', 'Goods', 'index', '', 1, 'adminuser1', 1931204436, 1609569302),
(489, 'admin', 'Goods', 'add', '', 1, 'adminuser1', 1931204436, 1609569303),
(490, 'admin', 'Admin', 'index', '', 1, 'adminuser1', 1931204436, 1609569314),
(491, 'admin', 'Admin', 'add', '', 1, 'adminuser1', 1931204436, 1609569316),
(492, 'admin', 'Admin', 'index', '', 1, 'adminuser1', 1931204436, 1609569318),
(493, 'admin', 'Admin', 'edit', '?username=adminuser1', 1, 'adminuser1', 1931204436, 1609569319),
(494, 'admin', 'Admin', 'index', '', 1, 'adminuser1', 1931204436, 1609569321),
(495, 'admin', 'Group', 'index', '', 1, 'adminuser1', 1931204436, 1609569322),
(496, 'admin', 'Group', 'add', '', 1, 'adminuser1', 1931204436, 1609569323),
(497, 'admin', 'Group', 'index', '', 1, 'adminuser1', 1931204436, 1609569325),
(498, 'admin', 'Group', 'edit', '?id=1', 1, 'adminuser1', 1931204436, 1609569326),
(499, 'admin', 'Group', 'index', '', 1, 'adminuser1', 1931204436, 1609569328),
(500, 'admin', 'Menu', 'index', '', 1, 'adminuser1', 1931204436, 1609569331),
(501, 'admin', 'Client', 'index', '', 1, 'adminuser1', 1931204436, 1609569334),
(502, 'admin', 'Client', 'add', '', 1, 'adminuser1', 1931204436, 1609569336),
(503, 'admin', 'Client', 'index', '', 1, 'adminuser1', 1931204436, 1609569338),
(504, 'admin', 'Client', 'edit', '?id=1', 1, 'adminuser1', 1931204436, 1609569341),
(505, 'admin', 'Goods', 'index', '', 1, 'adminuser1', 1931204436, 1609569344),
(506, 'admin', 'Goods', 'add', '', 1, 'adminuser1', 1931204436, 1609569345),
(507, 'admin', 'Goods', 'add', '', 1, 'adminuser1', 1931204436, 1609569387),
(508, 'admin', 'Goods', 'index', '', 1, 'adminuser1', 1931204436, 1609569389),
(509, 'admin', 'Order', 'index', '', 1, 'adminuser1', 1931204436, 1609569391),
(510, 'admin', 'Goods', 'index', '', 1, 'adminuser1', 1931204436, 1609569394),
(511, 'admin', 'Order', 'index', '', 1, 'adminuser1', 1931204436, 1609569396),
(512, 'admin', 'Admin', 'public_edit_info', '', 1, 'adminuser1', 1931204436, 1609569417),
(513, 'admin', 'Admin', 'index', '', 1, 'adminuser1', 1931204436, 1609570514),
(514, 'admin', 'Goods', 'index', '', 1, 'adminuser1', 1931204436, 1609570520),
(515, 'admin', 'Goods', 'time', '?id=1', 1, 'adminuser1', 1931204436, 1609570521),
(516, 'admin', 'Goods', 'time', '', 1, 'adminuser1', 1931204436, 1609570533),
(517, 'admin', 'Goods', 'index', '', 1, 'adminuser1', 1931204436, 1609570536),
(518, 'admin', 'Order', 'index', '', 1, 'adminuser1', 1931204436, 1609571407),
(519, 'admin', 'Goods', 'index', '', 1, 'adminuser1', 1931204436, 1609571409),
(520, 'admin', 'Goods', 'detail', '?id=1', 1, 'adminuser1', 1931204436, 1609571410),
(521, 'admin', 'Goods', 'index', '', 1, 'adminuser1', 1931204436, 1609571447),
(522, 'admin', 'Goods', 'time', '?id=1', 1, 'adminuser1', 1931204436, 1609571448),
(523, 'admin', 'Goods', 'time', '', 1, 'adminuser1', 1931204436, 1609571461),
(524, 'admin', 'Goods', 'index', '', 1, 'adminuser1', 1931204436, 1609571464),
(525, 'admin', 'Goods', 'time', '?id=1', 1, 'adminuser1', 1931204436, 1609572074),
(526, 'admin', 'Goods', 'time', '', 1, 'adminuser1', 1931204436, 1609572081),
(527, 'admin', 'Goods', 'index', '', 1, 'adminuser1', 1931204436, 1609572084),
(528, 'admin', 'Goods', 'index', '', 1, 'adminuser1', 1931204436, 1609573493),
(529, 'admin', 'Goods', 'time', '?id=1', 1, 'adminuser1', 1931204436, 1609573495),
(530, 'admin', 'Goods', 'time', '', 1, 'adminuser1', 1931204436, 1609573504),
(531, 'admin', 'Goods', 'index', '', 1, 'adminuser1', 1931204436, 1609573507),
(532, 'admin', 'Goods', 'index', '', 1, 'adminuser1', 1931204436, 1609573773),
(533, 'admin', 'Order', 'index', '', 1, 'adminuser1', 1931204436, 1609573885),
(534, 'admin', 'Goods', 'index', '', 1, 'adminuser1', 1931204436, 1609573892),
(535, 'admin', 'Goods', 'detail', '?id=1', 1, 'adminuser1', 1931204436, 1609573897),
(536, 'admin', 'Client', 'index', '', 1, 'adminuser1', 1931204436, 1609573900),
(537, 'admin', 'Goods', 'index', '', 1, 'adminuser1', 1931204436, 1609573906),
(538, 'admin', 'Order', 'index', '', 1, 'adminuser1', 1931204436, 1609573910),
(539, 'admin', 'Goods', 'index', '', 1, 'adminuser1', 1931204436, 1609573911),
(540, 'admin', 'Client', 'index', '', 1, 'adminuser1', 1931204436, 1609574439),
(541, 'admin', 'Menu', 'index', '', 1, 'adminuser1', 1931204436, 1609574450),
(542, 'admin', 'Group', 'index', '', 1, 'adminuser1', 1931204436, 1609574606),
(543, 'admin', 'Group', 'edit', '?id=2', 1, 'adminuser1', 1931204436, 1609574614),
(544, 'admin', 'Group', 'edit', '', 1, 'adminuser1', 1931204436, 1609574624),
(545, 'admin', 'Group', 'index', '', 1, 'adminuser1', 1931204436, 1609574626),
(546, 'admin', 'Client', 'index', '', 1, 'adminuser1', 1931204436, 1609574649),
(547, 'admin', 'Client', 'index', '', 1, 'adminuser1', 1931204436, 1609574663),
(548, 'admin', 'Goods', 'index', '', 1, 'adminuser1', 1931205069, 1609577677),
(549, 'admin', 'Goods', 'time', '?id=1', 1, 'adminuser1', 1931205069, 1609577679),
(550, 'admin', 'Goods', 'time', '', 1, 'adminuser1', 1931205069, 1609577696),
(551, 'admin', 'Goods', 'index', '', 1, 'adminuser1', 1931205069, 1609577700),
(552, 'admin', 'Admin', 'index', '', 1, 'adminuser1', 1931204436, 1609579832),
(553, 'admin', 'Group', 'index', '', 1, 'adminuser1', 1931204436, 1609579935),
(554, 'admin', 'Menu', 'index', '', 1, 'adminuser1', 1931204436, 1609580127),
(555, 'admin', 'Client', 'index', '', 1, 'adminuser1', 1931204436, 1609580130),
(556, 'admin', 'Goods', 'index', '', 1, 'adminuser1', 1931204436, 1609580198),
(557, 'admin', 'Order', 'index', '', 1, 'adminuser1', 1931204436, 1609580476),
(558, 'admin', 'Admin', 'public_edit_info', '', 1, 'adminuser1', 1931204436, 1609580583),
(559, 'admin', 'Client', 'index', '', 1, 'adminuser1', 1931204436, 1609581238),
(560, 'admin', 'Goods', 'index', '', 1, 'adminuser1', 1931205069, 1609584729),
(561, 'admin', 'Goods', 'time', '?id=1', 1, 'adminuser1', 1931205069, 1609584731),
(562, 'admin', 'Goods', 'time', '', 1, 'adminuser1', 1931205069, 1609584757),
(563, 'admin', 'Goods', 'index', '', 1, 'adminuser1', 1931205069, 1609584760),
(564, 'admin', 'Goods', 'time', '?id=1', 1, 'adminuser1', 1931205069, 1609585127),
(565, 'admin', 'Goods', 'time', '', 1, 'adminuser1', 1931205069, 1609585143),
(566, 'admin', 'Goods', 'index', '', 1, 'adminuser1', 1931205069, 1609585146),
(567, 'admin', 'Goods', 'time', '?id=1', 1, 'adminuser1', 1931205069, 1609585279),
(568, 'admin', 'Goods', 'time', '', 1, 'adminuser1', 1931205069, 1609585290),
(569, 'admin', 'Goods', 'index', '', 1, 'adminuser1', 1931205069, 1609585293),
(570, 'admin', 'Goods', 'time', '?id=1', 1, 'adminuser1', 1931205069, 1609585650),
(571, 'admin', 'Goods', 'time', '', 1, 'adminuser1', 1931205069, 1609585659),
(572, 'admin', 'Goods', 'index', '', 1, 'adminuser1', 1931205069, 1609585662),
(573, 'admin', 'Goods', 'edit', '?id=1', 1, 'adminuser1', 1931205069, 1609585816),
(574, 'admin', 'Goods', 'index', '', 1, 'adminuser1', 1931205069, 1609585826),
(575, 'admin', 'Goods', 'time', '?id=1', 1, 'adminuser1', 1931205069, 1609585827),
(576, 'admin', 'Goods', 'time', '', 1, 'adminuser1', 1931205069, 1609585832),
(577, 'admin', 'Goods', 'index', '', 1, 'adminuser1', 1931205069, 1609585834),
(578, 'admin', 'Admin', 'index', '', 1, 'adminuser1', 1931205069, 1609586885),
(579, 'admin', 'Admin', 'add', '', 1, 'adminuser1', 1931205069, 1609586908),
(580, 'admin', 'Admin', 'index', '', 1, 'adminuser1', 1931205069, 1609586917),
(581, 'admin', 'Admin', 'add', '', 1, 'adminuser1', 1931205069, 1609586927),
(582, 'admin', 'Admin', 'index', '', 1, 'adminuser1', 1931205069, 1609586943),
(583, 'admin', 'Admin', 'edit', '?username=adminuser5', 1, 'adminuser1', 1931205069, 1609586951),
(584, 'admin', 'Admin', 'index', '', 1, 'adminuser1', 1931205069, 1609586975),
(585, 'admin', 'Group', 'index', '', 1, 'adminuser1', 1931205069, 1609587111),
(586, 'admin', 'Group', 'add', '', 1, 'adminuser1', 1931205069, 1609587144),
(587, 'admin', 'Group', 'index', '', 1, 'adminuser1', 1931205069, 1609587154),
(588, 'admin', 'Group', 'edit', '?id=3', 1, 'adminuser1', 1931205069, 1609587159),
(589, 'admin', 'Group', 'index', '', 1, 'adminuser1', 1931205069, 1609587172),
(590, 'admin', 'Menu', 'index', '', 1, 'adminuser1', 1931205069, 1609587206),
(591, 'admin', 'Client', 'index', '', 1, 'adminuser1', 1931205069, 1609587293),
(592, 'admin', 'Client', 'add', '', 1, 'adminuser1', 1931205069, 1609587377),
(593, 'admin', 'Client', 'index', '', 1, 'adminuser1', 1931205069, 1609587391),
(594, 'admin', 'Client', 'edit', '?id=2', 1, 'adminuser1', 1931205069, 1609587394),
(595, 'admin', 'Client', 'index', '', 1, 'adminuser1', 1931205069, 1609587408),
(596, 'admin', 'Goods', 'index', '', 1, 'adminuser1', 1931205069, 1609587499),
(597, 'admin', 'Goods', 'add', '', 1, 'adminuser1', 1931205069, 1609587544),
(598, 'admin', 'Goods', 'index', '', 1, 'adminuser1', 1931205069, 1609587557),
(599, 'admin', 'Goods', 'detail', '?id=1', 1, 'adminuser1', 1931205069, 1609587559),
(600, 'admin', 'Goods', 'index', '', 1, 'adminuser1', 1931205069, 1609587583),
(601, 'admin', 'Goods', 'edit', '?id=1', 1, 'adminuser1', 1931205069, 1609587586),
(602, 'admin', 'Goods', 'index', '', 1, 'adminuser1', 1931205069, 1609587597),
(603, 'admin', 'Goods', 'time', '?id=1', 1, 'adminuser1', 1931205069, 1609587618),
(604, 'admin', 'Order', 'index', '', 1, 'adminuser1', 1931205069, 1609587707),
(605, 'admin', 'Admin', 'public_edit_info', '', 1, 'adminuser1', 1931205069, 1609587719),
(606, 'admin', 'Order', 'index', '', 1, 'adminuser1', 1931205069, 1609587858),
(607, 'admin', 'Goods', 'index', '', 1, 'adminuser1', 1931205069, 1609588012),
(608, 'admin', 'Goods', 'detail', '?id=1', 1, 'adminuser1', 1931205069, 1609588014),
(609, 'admin', 'Goods', 'index', '', 1, 'adminuser1', 1931204436, 1609590980),
(610, 'admin', 'Goods', 'time', '?id=1', 1, 'adminuser1', 1931204436, 1609591005),
(611, 'admin', 'Goods', 'time', '', 1, 'adminuser1', 1931204436, 1609591020),
(612, 'admin', 'Goods', 'index', '', 1, 'adminuser1', 1931204436, 1609591022),
(613, 'admin', 'Goods', 'time', '?id=1', 1, 'adminuser1', 1931204436, 1609591024),
(614, 'admin', 'Goods', 'time', '', 1, 'adminuser1', 1931204436, 1609591038),
(615, 'admin', 'Goods', 'index', '', 1, 'adminuser1', 1931204436, 1609591042),
(616, 'admin', 'Order', 'index', '', 1, 'adminuser1', 1931204436, 1609592060),
(617, 'admin', 'Client', 'index', '', 1, 'adminuser1', 1931204436, 1609592092),
(618, 'admin', 'Goods', 'index', '', 1, 'adminuser1', 1931204436, 1609592093),
(619, 'admin', 'Goods', 'detail', '?id=1', 1, 'adminuser1', 1931204436, 1609592095),
(620, 'admin', 'Order', 'index', '', 1, 'adminuser1', 1931205069, 1609643208),
(621, 'admin', 'Admin', 'index', '', 1, 'adminuser1', 1931205069, 1609643408),
(622, 'admin', 'Admin', 'index', '', 1, 'adminuser1', 1931205069, 1609643643);

-- --------------------------------------------------------

--
-- 表的结构 `admin_menu`
--

CREATE TABLE `admin_menu` (
  `id` smallint(6) UNSIGNED NOT NULL,
  `name` char(40) NOT NULL DEFAULT '',
  `parentid` smallint(6) DEFAULT '0',
  `icon` varchar(20) NOT NULL DEFAULT '',
  `c` varchar(20) DEFAULT NULL,
  `a` varchar(20) DEFAULT NULL,
  `data` varchar(50) NOT NULL DEFAULT '',
  `tip` varchar(255) NOT NULL DEFAULT '' COMMENT '提示',
  `group` varchar(50) DEFAULT '' COMMENT '分组',
  `listorder` smallint(6) UNSIGNED NOT NULL DEFAULT '999',
  `display` tinyint(1) NOT NULL DEFAULT '1' COMMENT '是否显示(1:显示,2:不显示)',
  `updatetime` int(11) DEFAULT NULL
) ENGINE=InnoDB DEFAULT CHARSET=utf8 COMMENT='一个菜单对应一个node页面，对应权限';

--
-- 转存表中的数据 `admin_menu`
--

INSERT INTO `admin_menu` (`id`, `name`, `parentid`, `icon`, `c`, `a`, `data`, `tip`, `group`, `listorder`, `display`, `updatetime`) VALUES
(1, '管理员设置', 0, 'xe6a3', 'Admin', 'admin', '', '', '', 1, 1, 1476175413),
(2, '管理账号管理', 1, '', 'Admin', 'index', '', '', '', 0, 1, 1476175413),
(3, '详情', 2, '', 'Admin', 'info', '', '', '', 0, 2, 1476175413),
(4, '添加', 2, '', 'Admin', 'add', '', '', '', 0, 2, 1476175413),
(5, '修改', 2, '', 'Admin', 'edit', '', '', '', 0, 2, 1476175413),
(6, '删除', 2, '', 'Admin', 'del', '', '', '', 0, 2, 1476175413),
(7, '分组管理', 1, '', 'Group', 'index', '', '', '', 0, 1, 1476175413),
(8, '详情', 7, '', 'Group', 'info', '', '', '', 0, 2, 1476175413),
(9, '添加', 7, '', 'Group', 'add', '', '', '', 0, 2, 1476175413),
(10, '修改', 7, '', 'Group', 'edit', '', '', '', 0, 2, 1476175413),
(11, '删除', 7, '', 'Group', 'del', '', '', '', 0, 2, 1476175413),
(12, '系统设置', 0, 'xe6a3', 'Menu', 'menu', '', '', '', 2, 1, 1476175413),
(13, '菜单管理', 12, '', 'Menu', 'index', '', '', '', 0, 1, 1476175413),
(14, '查看', 13, '', 'Menu', 'info', '', '', '', 0, 2, 1476175413),
(15, '添加', 13, '', 'Menu', 'add', '', '', '', 0, 2, 1476175413),
(16, '修改', 13, '', 'Menu', 'edit', '', '', '', 0, 2, 1476175413),
(17, '删除', 13, '', 'Menu', 'del', '', '', '', 0, 2, 1476175413),
(18, '日志管理', 12, '', 'Log', 'index', '', '', '', 0, 1, 1476175413),
(19, '顾客账号管理', 0, 'xe6a3', 'Client', 'index', '', '', '', 3, 1, 1476175413),
(20, '查看', 19, '', 'Client', 'info', '', '', '', 0, 2, 1476175413),
(21, '添加', 19, '', 'Client', 'add', '', '', '', 0, 2, 1476175413),
(22, '修改', 19, '', 'Client', 'edit', '', '', '', 0, 2, 1476175413),
(23, '删除', 19, '', 'Client', 'del', '', '', '', 0, 2, 1476175413),
(24, '商品种类管理', 0, 'xe6a3', 'Goods', 'index', '', '', '', 4, 1, 1476175413),
(25, '查看', 24, '', 'Goods', 'info', '', '', '', 0, 2, 1476175413),
(26, '添加', 24, '', 'Goods', 'add', '', '', '', 0, 2, 1476175413),
(27, '修改', 24, '', 'Goods', 'edit', '', '', '', 0, 2, 1476175413),
(28, '删除', 24, '', 'Goods', 'del', '', '', '', 0, 2, 1476175413),
(30, '设置秒杀开始时间', 24, '', 'Goods', 'time', '', '', '', 0, 2, 1476175413),
(31, '订单记录', 0, 'xe6a3', 'Order', 'index', '', '', '', 5, 1, 1476175413),
(32, '系统首页', 0, 'xe761', 'Index', 'index', '', '', '', 0, 1, 1476175413),
(33, '个人设置', 0, 'xe761', 'Admin', 'public_edit_info', '', '', '', 6, 1, 1476175413);

-- --------------------------------------------------------

--
-- 表的结构 `admin_user`
--

CREATE TABLE `admin_user` (
  `id` int(10) NOT NULL,
  `username` varchar(30) NOT NULL,
  `password` varchar(50) NOT NULL,
  `email` varchar(30) DEFAULT NULL,
  `lastloginip` int(10) NOT NULL DEFAULT '0',
  `lastlogintime` int(10) NOT NULL DEFAULT '0'
) ENGINE=InnoDB DEFAULT CHARSET=utf8;

--
-- 转存表中的数据 `admin_user`
--

INSERT INTO `admin_user` (`id`, `username`, `password`, `email`, `lastloginip`, `lastlogintime`) VALUES
(1, 'adminuser1', '595e56f396de9f4d5ad6218fcd7e9e32', 'adminuser1@qq.com', 1931205069, 1609643499),
(2, 'adminuser2', 'd56e4ba974fa67de97778345812da942', 'adminuser2@qq.com', 1931205069, 1609643656),
(3, 'adminuser3', '3e4a885934ad4c20716c4827c64c6932', 'adminuser3@qq.com', 1931205069, 1609398206),
(4, 'adminuser4', '71386d7f2d44c5c4309b4a17bf1d2a1f', 'adminuser4@qq.com', 1931205069, 1609397784),
(5, 'adminuser5', 'ebbefe533315bf901ef65bbf1aaf1c9b', 'adminuser5@qq.com', 1931204436, 1609558842);

-- --------------------------------------------------------

--
-- 表的结构 `client_user`
--

CREATE TABLE `client_user` (
  `id` int(10) NOT NULL,
  `username` varchar(30) NOT NULL,
  `password` varchar(50) NOT NULL,
  `email` varchar(30) NOT NULL
) ENGINE=InnoDB DEFAULT CHARSET=utf8;

--
-- 转存表中的数据 `client_user`
--

INSERT INTO `client_user` (`id`, `username`, `password`, `email`) VALUES
(1, 'clientuser1', 'clientuser1', 'clientuser1@qq.com'),
(2, 'clientuser2', 'clientuser2', 'clientuser2@qq.com'),
(3, 'clientuser3', 'clientuser3', 'clientuser3@qq.com'),
(4, 'clientuser4', 'clientuser4', 'clientuser4@qq.com'),
(5, 'clientuser5', 'clientuser5', 'clientuser5@qq.com'),
(6, 'clientuser6', 'clientuser6', 'clientuser6@qq.com'),
(7, 'clientuser7', 'clientuser7', 'clientuser7@qq.com'),
(8, 'clientuser8', 'clientuser8', 'clientuser8@qq.com'),
(9, 'clientuser9', 'clientuser9', 'clientuser9@qq.com'),
(10, 'clientuser10', 'clientuser10', 'clientuser10@qq.com'),
(11, 'clientuser11', 'clientuser11', 'clientuser11@qq.com'),
(12, 'clientuser12', 'clientuser12', 'clientuser12@qq.com'),
(13, 'clientuser13', 'clientuser13', 'clientuser13@qq.com'),
(14, 'clientuser14', 'clientuser14', 'clientuser14@qq.com'),
(15, 'clientuser15', 'clientuser15', 'clientuser15@qq.com'),
(16, 'clientuser16', 'clientuser16', 'clientuser16@qq.com'),
(17, 'clientuser17', 'clientuser17', 'clientuser17@qq.com'),
(18, 'clientuser18', 'clientuser18', 'clientuser18@qq.com'),
(19, 'clientuser19', 'clientuser19', 'clientuser19@qq.com'),
(20, 'clientuser20', 'clientuser20', 'clientuser20@qq.com'),
(21, 'clientuser21', 'clientuser21', 'clientuser21@qq.com'),
(22, 'clientuser22', 'clientuser22', 'clientuser22@qq.com'),
(23, 'clientuser23', 'clientuser23', 'clientuser23@qq.com'),
(24, 'clientuser24', 'clientuser24', 'clientuser24@qq.com'),
(25, 'clientuser25', 'clientuser25', 'clientuser25@qq.com'),
(26, 'clientuser26', 'clientuser26', 'clientuser26@qq.com'),
(27, 'clientuser27', 'clientuser27', 'clientuser27@qq.com'),
(28, 'clientuser28', 'clientuser28', 'clientuser28@qq.com'),
(29, 'clientuser29', 'clientuser29', 'clientuser29@qq.com'),
(30, 'clientuser30', 'clientuser30', 'clientuser30@qq.com'),
(31, 'clientuser31', 'clientuser31', 'clientuser31@qq.com'),
(32, 'clientuser32', 'clientuser32', 'clientuser32@qq.com'),
(33, 'clientuser33', 'clientuser33', 'clientuser33@qq.com'),
(34, 'clientuser34', 'clientuser34', 'clientuser34@qq.com'),
(35, 'clientuser35', 'clientuser35', 'clientuser35@qq.com'),
(36, 'clientuser36', 'clientuser36', 'clientuser36@qq.com'),
(37, 'clientuser37', 'clientuser37', 'clientuser37@qq.com'),
(38, 'clientuser38', 'clientuser38', 'clientuser38@qq.com'),
(39, 'clientuser39', 'clientuser39', 'clientuser39@qq.com'),
(40, 'clientuser40', 'clientuser40', 'clientuser40@qq.com'),
(41, 'clientuser41', 'clientuser41', 'clientuser41@qq.com'),
(42, 'clientuser42', 'clientuser42', 'clientuser42@qq.com'),
(43, 'clientuser43', 'clientuser43', 'clientuser43@qq.com'),
(44, 'clientuser44', 'clientuser44', 'clientuser44@qq.com'),
(45, 'clientuser45', 'clientuser45', 'clientuser45@qq.com'),
(46, 'clientuser46', 'clientuser46', 'clientuser46@qq.com'),
(47, 'clientuser47', 'clientuser47', 'clientuser47@qq.com'),
(48, 'clientuser48', 'clientuser48', 'clientuser48@qq.com'),
(49, 'clientuser49', 'clientuser49', 'clientuser49@qq.com'),
(50, 'clientuser50', 'clientuser50', 'clientuser50@qq.com'),
(51, 'clientuser51', 'clientuser51', 'clientuser51@qq.com'),
(52, 'clientuser52', 'clientuser52', 'clientuser52@qq.com'),
(53, 'clientuser53', 'clientuser53', 'clientuser53@qq.com'),
(54, 'clientuser54', 'clientuser54', 'clientuser54@qq.com'),
(55, 'clientuser55', 'clientuser55', 'clientuser55@qq.com'),
(56, 'clientuser56', 'clientuser56', 'clientuser56@qq.com'),
(57, 'clientuser57', 'clientuser57', 'clientuser57@qq.com'),
(58, 'clientuser58', 'clientuser58', 'clientuser58@qq.com'),
(59, 'clientuser59', 'clientuser59', 'clientuser59@qq.com'),
(60, 'clientuser60', 'clientuser60', 'clientuser60@qq.com'),
(61, 'clientuser61', 'clientuser61', 'clientuser61@qq.com'),
(62, 'clientuser62', 'clientuser62', 'clientuser62@qq.com'),
(63, 'clientuser63', 'clientuser63', 'clientuser63@qq.com'),
(64, 'clientuser64', 'clientuser64', 'clientuser64@qq.com'),
(65, 'clientuser65', 'clientuser65', 'clientuser65@qq.com'),
(66, 'clientuser66', 'clientuser66', 'clientuser66@qq.com'),
(67, 'clientuser67', 'clientuser67', 'clientuser67@qq.com'),
(68, 'clientuser68', 'clientuser68', 'clientuser68@qq.com'),
(69, 'clientuser69', 'clientuser69', 'clientuser69@qq.com'),
(70, 'clientuser70', 'clientuser70', 'clientuser70@qq.com'),
(71, 'clientuser71', 'clientuser71', 'clientuser71@qq.com'),
(72, 'clientuser72', 'clientuser72', 'clientuser72@qq.com'),
(73, 'clientuser73', 'clientuser73', 'clientuser73@qq.com'),
(74, 'clientuser74', 'clientuser74', 'clientuser74@qq.com'),
(75, 'clientuser75', 'clientuser75', 'clientuser75@qq.com'),
(76, 'clientuser76', 'clientuser76', 'clientuser76@qq.com'),
(77, 'clientuser77', 'clientuser77', 'clientuser77@qq.com'),
(78, 'clientuser78', 'clientuser78', 'clientuser78@qq.com'),
(79, 'clientuser79', 'clientuser79', 'clientuser79@qq.com'),
(80, 'clientuser80', 'clientuser80', 'clientuser80@qq.com'),
(81, 'clientuser81', 'clientuser81', 'clientuser81@qq.com'),
(82, 'clientuser82', 'clientuser82', 'clientuser82@qq.com'),
(83, 'clientuser83', 'clientuser83', 'clientuser83@qq.com'),
(84, 'clientuser84', 'clientuser84', 'clientuser84@qq.com'),
(85, 'clientuser85', 'clientuser85', 'clientuser85@qq.com'),
(86, 'clientuser86', 'clientuser86', 'clientuser86@qq.com'),
(87, 'clientuser87', 'clientuser87', 'clientuser87@qq.com'),
(88, 'clientuser88', 'clientuser88', 'clientuser88@qq.com'),
(89, 'clientuser89', 'clientuser89', 'clientuser89@qq.com'),
(90, 'clientuser90', 'clientuser90', 'clientuser90@qq.com'),
(91, 'clientuser91', 'clientuser91', 'clientuser91@qq.com'),
(92, 'clientuser92', 'clientuser92', 'clientuser92@qq.com'),
(93, 'clientuser93', 'clientuser93', 'clientuser93@qq.com'),
(94, 'clientuser94', 'clientuser94', 'clientuser94@qq.com'),
(95, 'clientuser95', 'clientuser95', 'clientuser95@qq.com'),
(96, 'clientuser96', 'clientuser96', 'clientuser96@qq.com'),
(97, 'clientuser97', 'clientuser97', 'clientuser97@qq.com'),
(98, 'clientuser98', 'clientuser98', 'clientuser98@qq.com'),
(99, 'clientuser99', 'clientuser99', 'clientuser99@qq.com'),
(100, 'clientuser100', 'clientuser100', 'clientuser100@qq.com'),
(101, 'clientuser101', 'clientuser101', 'clientuser101@qq.com'),
(102, 'clientuser102', 'clientuser102', 'clientuser102@qq.com'),
(103, 'clientuser103', 'clientuser103', 'clientuser103@qq.com'),
(104, 'clientuser104', 'clientuser104', 'clientuser104@qq.com'),
(105, 'clientuser105', 'clientuser105', 'clientuser105@qq.com'),
(106, 'clientuser106', 'clientuser106', 'clientuser106@qq.com'),
(107, 'clientuser107', 'clientuser107', 'clientuser107@qq.com'),
(108, 'clientuser108', 'clientuser108', 'clientuser108@qq.com'),
(109, 'clientuser109', 'clientuser109', 'clientuser109@qq.com'),
(110, 'clientuser110', 'clientuser110', 'clientuser110@qq.com'),
(111, 'clientuser111', 'clientuser111', 'clientuser111@qq.com'),
(112, 'clientuser112', 'clientuser112', 'clientuser112@qq.com'),
(113, 'clientuser113', 'clientuser113', 'clientuser113@qq.com'),
(114, 'clientuser114', 'clientuser114', 'clientuser114@qq.com'),
(115, 'clientuser115', 'clientuser115', 'clientuser115@qq.com'),
(116, 'clientuser116', 'clientuser116', 'clientuser116@qq.com'),
(117, 'clientuser117', 'clientuser117', 'clientuser117@qq.com'),
(118, 'clientuser118', 'clientuser118', 'clientuser118@qq.com'),
(119, 'clientuser119', 'clientuser119', 'clientuser119@qq.com'),
(120, 'clientuser120', 'clientuser120', 'clientuser120@qq.com'),
(121, 'clientuser121', 'clientuser121', 'clientuser121@qq.com'),
(122, 'clientuser122', 'clientuser122', 'clientuser122@qq.com'),
(123, 'clientuser123', 'clientuser123', 'clientuser123@qq.com'),
(124, 'clientuser124', 'clientuser124', 'clientuser124@qq.com'),
(125, 'clientuser125', 'clientuser125', 'clientuser125@qq.com'),
(126, 'clientuser126', 'clientuser126', 'clientuser126@qq.com'),
(127, 'clientuser127', 'clientuser127', 'clientuser127@qq.com'),
(128, 'clientuser128', 'clientuser128', 'clientuser128@qq.com'),
(129, 'clientuser129', 'clientuser129', 'clientuser129@qq.com'),
(130, 'clientuser130', 'clientuser130', 'clientuser130@qq.com'),
(131, 'clientuser131', 'clientuser131', 'clientuser131@qq.com'),
(132, 'clientuser132', 'clientuser132', 'clientuser132@qq.com'),
(133, 'clientuser133', 'clientuser133', 'clientuser133@qq.com'),
(134, 'clientuser134', 'clientuser134', 'clientuser134@qq.com'),
(135, 'clientuser135', 'clientuser135', 'clientuser135@qq.com'),
(136, 'clientuser136', 'clientuser136', 'clientuser136@qq.com'),
(137, 'clientuser137', 'clientuser137', 'clientuser137@qq.com'),
(138, 'clientuser138', 'clientuser138', 'clientuser138@qq.com'),
(139, 'clientuser139', 'clientuser139', 'clientuser139@qq.com'),
(140, 'clientuser140', 'clientuser140', 'clientuser140@qq.com'),
(141, 'clientuser141', 'clientuser141', 'clientuser141@qq.com'),
(142, 'clientuser142', 'clientuser142', 'clientuser142@qq.com'),
(143, 'clientuser143', 'clientuser143', 'clientuser143@qq.com'),
(144, 'clientuser144', 'clientuser144', 'clientuser144@qq.com'),
(145, 'clientuser145', 'clientuser145', 'clientuser145@qq.com'),
(146, 'clientuser146', 'clientuser146', 'clientuser146@qq.com'),
(147, 'clientuser147', 'clientuser147', 'clientuser147@qq.com'),
(148, 'clientuser148', 'clientuser148', 'clientuser148@qq.com'),
(149, 'clientuser149', 'clientuser149', 'clientuser149@qq.com'),
(150, 'clientuser150', 'clientuser150', 'clientuser150@qq.com'),
(151, 'clientuser151', 'clientuser151', 'clientuser151@qq.com'),
(152, 'clientuser152', 'clientuser152', 'clientuser152@qq.com'),
(153, 'clientuser153', 'clientuser153', 'clientuser153@qq.com'),
(154, 'clientuser154', 'clientuser154', 'clientuser154@qq.com'),
(155, 'clientuser155', 'clientuser155', 'clientuser155@qq.com'),
(156, 'clientuser156', 'clientuser156', 'clientuser156@qq.com'),
(157, 'clientuser157', 'clientuser157', 'clientuser157@qq.com'),
(158, 'clientuser158', 'clientuser158', 'clientuser158@qq.com'),
(159, 'clientuser159', 'clientuser159', 'clientuser159@qq.com'),
(160, 'clientuser160', 'clientuser160', 'clientuser160@qq.com'),
(161, 'clientuser161', 'clientuser161', 'clientuser161@qq.com'),
(162, 'clientuser162', 'clientuser162', 'clientuser162@qq.com'),
(163, 'clientuser163', 'clientuser163', 'clientuser163@qq.com'),
(164, 'clientuser164', 'clientuser164', 'clientuser164@qq.com'),
(165, 'clientuser165', 'clientuser165', 'clientuser165@qq.com'),
(166, 'clientuser166', 'clientuser166', 'clientuser166@qq.com'),
(167, 'clientuser167', 'clientuser167', 'clientuser167@qq.com'),
(168, 'clientuser168', 'clientuser168', 'clientuser168@qq.com'),
(169, 'clientuser169', 'clientuser169', 'clientuser169@qq.com'),
(170, 'clientuser170', 'clientuser170', 'clientuser170@qq.com'),
(171, 'clientuser171', 'clientuser171', 'clientuser171@qq.com'),
(172, 'clientuser172', 'clientuser172', 'clientuser172@qq.com'),
(173, 'clientuser173', 'clientuser173', 'clientuser173@qq.com'),
(174, 'clientuser174', 'clientuser174', 'clientuser174@qq.com'),
(175, 'clientuser175', 'clientuser175', 'clientuser175@qq.com'),
(176, 'clientuser176', 'clientuser176', 'clientuser176@qq.com'),
(177, 'clientuser177', 'clientuser177', 'clientuser177@qq.com'),
(178, 'clientuser178', 'clientuser178', 'clientuser178@qq.com'),
(179, 'clientuser179', 'clientuser179', 'clientuser179@qq.com'),
(180, 'clientuser180', 'clientuser180', 'clientuser180@qq.com'),
(181, 'clientuser181', 'clientuser181', 'clientuser181@qq.com'),
(182, 'clientuser182', 'clientuser182', 'clientuser182@qq.com'),
(183, 'clientuser183', 'clientuser183', 'clientuser183@qq.com'),
(184, 'clientuser184', 'clientuser184', 'clientuser184@qq.com'),
(185, 'clientuser185', 'clientuser185', 'clientuser185@qq.com'),
(186, 'clientuser186', 'clientuser186', 'clientuser186@qq.com'),
(187, 'clientuser187', 'clientuser187', 'clientuser187@qq.com'),
(188, 'clientuser188', 'clientuser188', 'clientuser188@qq.com'),
(189, 'clientuser189', 'clientuser189', 'clientuser189@qq.com'),
(190, 'clientuser190', 'clientuser190', 'clientuser190@qq.com'),
(191, 'clientuser191', 'clientuser191', 'clientuser191@qq.com'),
(192, 'clientuser192', 'clientuser192', 'clientuser192@qq.com'),
(193, 'clientuser193', 'clientuser193', 'clientuser193@qq.com'),
(194, 'clientuser194', 'clientuser194', 'clientuser194@qq.com'),
(195, 'clientuser195', 'clientuser195', 'clientuser195@qq.com'),
(196, 'clientuser196', 'clientuser196', 'clientuser196@qq.com'),
(197, 'clientuser197', 'clientuser197', 'clientuser197@qq.com'),
(198, 'clientuser198', 'clientuser198', 'clientuser198@qq.com'),
(199, 'clientuser199', 'clientuser199', 'clientuser199@qq.com'),
(200, 'clientuser200', 'clientuser200', 'clientuser200@qq.com'),
(201, 'clientuser201', 'clientuser201', 'clientuser201@qq.com'),
(202, 'clientuser202', 'clientuser202', 'clientuser202@qq.com'),
(203, 'clientuser203', 'clientuser203', 'clientuser203@qq.com'),
(204, 'clientuser204', 'clientuser204', 'clientuser204@qq.com'),
(205, 'clientuser205', 'clientuser205', 'clientuser205@qq.com'),
(206, 'clientuser206', 'clientuser206', 'clientuser206@qq.com'),
(207, 'clientuser207', 'clientuser207', 'clientuser207@qq.com'),
(208, 'clientuser208', 'clientuser208', 'clientuser208@qq.com'),
(209, 'clientuser209', 'clientuser209', 'clientuser209@qq.com'),
(210, 'clientuser210', 'clientuser210', 'clientuser210@qq.com'),
(211, 'clientuser211', 'clientuser211', 'clientuser211@qq.com'),
(212, 'clientuser212', 'clientuser212', 'clientuser212@qq.com'),
(213, 'clientuser213', 'clientuser213', 'clientuser213@qq.com'),
(214, 'clientuser214', 'clientuser214', 'clientuser214@qq.com'),
(215, 'clientuser215', 'clientuser215', 'clientuser215@qq.com'),
(216, 'clientuser216', 'clientuser216', 'clientuser216@qq.com'),
(217, 'clientuser217', 'clientuser217', 'clientuser217@qq.com'),
(218, 'clientuser218', 'clientuser218', 'clientuser218@qq.com'),
(219, 'clientuser219', 'clientuser219', 'clientuser219@qq.com'),
(220, 'clientuser220', 'clientuser220', 'clientuser220@qq.com'),
(221, 'clientuser221', 'clientuser221', 'clientuser221@qq.com'),
(222, 'clientuser222', 'clientuser222', 'clientuser222@qq.com'),
(223, 'clientuser223', 'clientuser223', 'clientuser223@qq.com'),
(224, 'clientuser224', 'clientuser224', 'clientuser224@qq.com'),
(225, 'clientuser225', 'clientuser225', 'clientuser225@qq.com'),
(226, 'clientuser226', 'clientuser226', 'clientuser226@qq.com'),
(227, 'clientuser227', 'clientuser227', 'clientuser227@qq.com'),
(228, 'clientuser228', 'clientuser228', 'clientuser228@qq.com'),
(229, 'clientuser229', 'clientuser229', 'clientuser229@qq.com'),
(230, 'clientuser230', 'clientuser230', 'clientuser230@qq.com'),
(231, 'clientuser231', 'clientuser231', 'clientuser231@qq.com'),
(232, 'clientuser232', 'clientuser232', 'clientuser232@qq.com'),
(233, 'clientuser233', 'clientuser233', 'clientuser233@qq.com'),
(234, 'clientuser234', 'clientuser234', 'clientuser234@qq.com'),
(235, 'clientuser235', 'clientuser235', 'clientuser235@qq.com'),
(236, 'clientuser236', 'clientuser236', 'clientuser236@qq.com'),
(237, 'clientuser237', 'clientuser237', 'clientuser237@qq.com'),
(238, 'clientuser238', 'clientuser238', 'clientuser238@qq.com'),
(239, 'clientuser239', 'clientuser239', 'clientuser239@qq.com'),
(240, 'clientuser240', 'clientuser240', 'clientuser240@qq.com'),
(241, 'clientuser241', 'clientuser241', 'clientuser241@qq.com'),
(242, 'clientuser242', 'clientuser242', 'clientuser242@qq.com'),
(243, 'clientuser243', 'clientuser243', 'clientuser243@qq.com'),
(244, 'clientuser244', 'clientuser244', 'clientuser244@qq.com'),
(245, 'clientuser245', 'clientuser245', 'clientuser245@qq.com'),
(246, 'clientuser246', 'clientuser246', 'clientuser246@qq.com'),
(247, 'clientuser247', 'clientuser247', 'clientuser247@qq.com'),
(248, 'clientuser248', 'clientuser248', 'clientuser248@qq.com'),
(249, 'clientuser249', 'clientuser249', 'clientuser249@qq.com'),
(250, 'clientuser250', 'clientuser250', 'clientuser250@qq.com'),
(251, 'clientuser251', 'clientuser251', 'clientuser251@qq.com'),
(252, 'clientuser252', 'clientuser252', 'clientuser252@qq.com'),
(253, 'clientuser253', 'clientuser253', 'clientuser253@qq.com'),
(254, 'clientuser254', 'clientuser254', 'clientuser254@qq.com'),
(255, 'clientuser255', 'clientuser255', 'clientuser255@qq.com'),
(256, 'clientuser256', 'clientuser256', 'clientuser256@qq.com'),
(257, 'clientuser257', 'clientuser257', 'clientuser257@qq.com'),
(258, 'clientuser258', 'clientuser258', 'clientuser258@qq.com'),
(259, 'clientuser259', 'clientuser259', 'clientuser259@qq.com'),
(260, 'clientuser260', 'clientuser260', 'clientuser260@qq.com'),
(261, 'clientuser261', 'clientuser261', 'clientuser261@qq.com'),
(262, 'clientuser262', 'clientuser262', 'clientuser262@qq.com'),
(263, 'clientuser263', 'clientuser263', 'clientuser263@qq.com'),
(264, 'clientuser264', 'clientuser264', 'clientuser264@qq.com'),
(265, 'clientuser265', 'clientuser265', 'clientuser265@qq.com'),
(266, 'clientuser266', 'clientuser266', 'clientuser266@qq.com'),
(267, 'clientuser267', 'clientuser267', 'clientuser267@qq.com'),
(268, 'clientuser268', 'clientuser268', 'clientuser268@qq.com'),
(269, 'clientuser269', 'clientuser269', 'clientuser269@qq.com'),
(270, 'clientuser270', 'clientuser270', 'clientuser270@qq.com'),
(271, 'clientuser271', 'clientuser271', 'clientuser271@qq.com'),
(272, 'clientuser272', 'clientuser272', 'clientuser272@qq.com'),
(273, 'clientuser273', 'clientuser273', 'clientuser273@qq.com'),
(274, 'clientuser274', 'clientuser274', 'clientuser274@qq.com'),
(275, 'clientuser275', 'clientuser275', 'clientuser275@qq.com'),
(276, 'clientuser276', 'clientuser276', 'clientuser276@qq.com'),
(277, 'clientuser277', 'clientuser277', 'clientuser277@qq.com'),
(278, 'clientuser278', 'clientuser278', 'clientuser278@qq.com'),
(279, 'clientuser279', 'clientuser279', 'clientuser279@qq.com'),
(280, 'clientuser280', 'clientuser280', 'clientuser280@qq.com'),
(281, 'clientuser281', 'clientuser281', 'clientuser281@qq.com'),
(282, 'clientuser282', 'clientuser282', 'clientuser282@qq.com'),
(283, 'clientuser283', 'clientuser283', 'clientuser283@qq.com'),
(284, 'clientuser284', 'clientuser284', 'clientuser284@qq.com'),
(285, 'clientuser285', 'clientuser285', 'clientuser285@qq.com'),
(286, 'clientuser286', 'clientuser286', 'clientuser286@qq.com'),
(287, 'clientuser287', 'clientuser287', 'clientuser287@qq.com'),
(288, 'clientuser288', 'clientuser288', 'clientuser288@qq.com'),
(289, 'clientuser289', 'clientuser289', 'clientuser289@qq.com'),
(290, 'clientuser290', 'clientuser290', 'clientuser290@qq.com'),
(291, 'clientuser291', 'clientuser291', 'clientuser291@qq.com'),
(292, 'clientuser292', 'clientuser292', 'clientuser292@qq.com'),
(293, 'clientuser293', 'clientuser293', 'clientuser293@qq.com'),
(294, 'clientuser294', 'clientuser294', 'clientuser294@qq.com'),
(295, 'clientuser295', 'clientuser295', 'clientuser295@qq.com'),
(296, 'clientuser296', 'clientuser296', 'clientuser296@qq.com'),
(297, 'clientuser297', 'clientuser297', 'clientuser297@qq.com'),
(298, 'clientuser298', 'clientuser298', 'clientuser298@qq.com'),
(299, 'clientuser299', 'clientuser299', 'clientuser299@qq.com'),
(300, 'clientuser300', 'clientuser300', 'clientuser300@qq.com'),
(301, 'clientuser301', 'clientuser301', 'clientuser301@qq.com'),
(302, 'clientuser302', 'clientuser302', 'clientuser302@qq.com'),
(303, 'clientuser303', 'clientuser303', 'clientuser303@qq.com'),
(304, 'clientuser304', 'clientuser304', 'clientuser304@qq.com'),
(305, 'clientuser305', 'clientuser305', 'clientuser305@qq.com'),
(306, 'clientuser306', 'clientuser306', 'clientuser306@qq.com'),
(307, 'clientuser307', 'clientuser307', 'clientuser307@qq.com'),
(308, 'clientuser308', 'clientuser308', 'clientuser308@qq.com'),
(309, 'clientuser309', 'clientuser309', 'clientuser309@qq.com'),
(310, 'clientuser310', 'clientuser310', 'clientuser310@qq.com'),
(311, 'clientuser311', 'clientuser311', 'clientuser311@qq.com'),
(312, 'clientuser312', 'clientuser312', 'clientuser312@qq.com'),
(313, 'clientuser313', 'clientuser313', 'clientuser313@qq.com'),
(314, 'clientuser314', 'clientuser314', 'clientuser314@qq.com'),
(315, 'clientuser315', 'clientuser315', 'clientuser315@qq.com'),
(316, 'clientuser316', 'clientuser316', 'clientuser316@qq.com'),
(317, 'clientuser317', 'clientuser317', 'clientuser317@qq.com'),
(318, 'clientuser318', 'clientuser318', 'clientuser318@qq.com'),
(319, 'clientuser319', 'clientuser319', 'clientuser319@qq.com'),
(320, 'clientuser320', 'clientuser320', 'clientuser320@qq.com'),
(321, 'clientuser321', 'clientuser321', 'clientuser321@qq.com'),
(322, 'clientuser322', 'clientuser322', 'clientuser322@qq.com'),
(323, 'clientuser323', 'clientuser323', 'clientuser323@qq.com'),
(324, 'clientuser324', 'clientuser324', 'clientuser324@qq.com'),
(325, 'clientuser325', 'clientuser325', 'clientuser325@qq.com'),
(326, 'clientuser326', 'clientuser326', 'clientuser326@qq.com'),
(327, 'clientuser327', 'clientuser327', 'clientuser327@qq.com'),
(328, 'clientuser328', 'clientuser328', 'clientuser328@qq.com'),
(329, 'clientuser329', 'clientuser329', 'clientuser329@qq.com'),
(330, 'clientuser330', 'clientuser330', 'clientuser330@qq.com'),
(331, 'clientuser331', 'clientuser331', 'clientuser331@qq.com'),
(332, 'clientuser332', 'clientuser332', 'clientuser332@qq.com'),
(333, 'clientuser333', 'clientuser333', 'clientuser333@qq.com'),
(334, 'clientuser334', 'clientuser334', 'clientuser334@qq.com'),
(335, 'clientuser335', 'clientuser335', 'clientuser335@qq.com'),
(336, 'clientuser336', 'clientuser336', 'clientuser336@qq.com'),
(337, 'clientuser337', 'clientuser337', 'clientuser337@qq.com'),
(338, 'clientuser338', 'clientuser338', 'clientuser338@qq.com'),
(339, 'clientuser339', 'clientuser339', 'clientuser339@qq.com'),
(340, 'clientuser340', 'clientuser340', 'clientuser340@qq.com'),
(341, 'clientuser341', 'clientuser341', 'clientuser341@qq.com'),
(342, 'clientuser342', 'clientuser342', 'clientuser342@qq.com'),
(343, 'clientuser343', 'clientuser343', 'clientuser343@qq.com'),
(344, 'clientuser344', 'clientuser344', 'clientuser344@qq.com'),
(345, 'clientuser345', 'clientuser345', 'clientuser345@qq.com'),
(346, 'clientuser346', 'clientuser346', 'clientuser346@qq.com'),
(347, 'clientuser347', 'clientuser347', 'clientuser347@qq.com'),
(348, 'clientuser348', 'clientuser348', 'clientuser348@qq.com'),
(349, 'clientuser349', 'clientuser349', 'clientuser349@qq.com'),
(350, 'clientuser350', 'clientuser350', 'clientuser350@qq.com'),
(351, 'clientuser351', 'clientuser351', 'clientuser351@qq.com'),
(352, 'clientuser352', 'clientuser352', 'clientuser352@qq.com'),
(353, 'clientuser353', 'clientuser353', 'clientuser353@qq.com'),
(354, 'clientuser354', 'clientuser354', 'clientuser354@qq.com'),
(355, 'clientuser355', 'clientuser355', 'clientuser355@qq.com'),
(356, 'clientuser356', 'clientuser356', 'clientuser356@qq.com'),
(357, 'clientuser357', 'clientuser357', 'clientuser357@qq.com'),
(358, 'clientuser358', 'clientuser358', 'clientuser358@qq.com'),
(359, 'clientuser359', 'clientuser359', 'clientuser359@qq.com'),
(360, 'clientuser360', 'clientuser360', 'clientuser360@qq.com'),
(361, 'clientuser361', 'clientuser361', 'clientuser361@qq.com'),
(362, 'clientuser362', 'clientuser362', 'clientuser362@qq.com'),
(363, 'clientuser363', 'clientuser363', 'clientuser363@qq.com'),
(364, 'clientuser364', 'clientuser364', 'clientuser364@qq.com'),
(365, 'clientuser365', 'clientuser365', 'clientuser365@qq.com'),
(366, 'clientuser366', 'clientuser366', 'clientuser366@qq.com'),
(367, 'clientuser367', 'clientuser367', 'clientuser367@qq.com'),
(368, 'clientuser368', 'clientuser368', 'clientuser368@qq.com'),
(369, 'clientuser369', 'clientuser369', 'clientuser369@qq.com'),
(370, 'clientuser370', 'clientuser370', 'clientuser370@qq.com'),
(371, 'clientuser371', 'clientuser371', 'clientuser371@qq.com'),
(372, 'clientuser372', 'clientuser372', 'clientuser372@qq.com'),
(373, 'clientuser373', 'clientuser373', 'clientuser373@qq.com'),
(374, 'clientuser374', 'clientuser374', 'clientuser374@qq.com'),
(375, 'clientuser375', 'clientuser375', 'clientuser375@qq.com'),
(376, 'clientuser376', 'clientuser376', 'clientuser376@qq.com'),
(377, 'clientuser377', 'clientuser377', 'clientuser377@qq.com'),
(378, 'clientuser378', 'clientuser378', 'clientuser378@qq.com'),
(379, 'clientuser379', 'clientuser379', 'clientuser379@qq.com'),
(380, 'clientuser380', 'clientuser380', 'clientuser380@qq.com'),
(381, 'clientuser381', 'clientuser381', 'clientuser381@qq.com'),
(382, 'clientuser382', 'clientuser382', 'clientuser382@qq.com'),
(383, 'clientuser383', 'clientuser383', 'clientuser383@qq.com'),
(384, 'clientuser384', 'clientuser384', 'clientuser384@qq.com'),
(385, 'clientuser385', 'clientuser385', 'clientuser385@qq.com'),
(386, 'clientuser386', 'clientuser386', 'clientuser386@qq.com'),
(387, 'clientuser387', 'clientuser387', 'clientuser387@qq.com'),
(388, 'clientuser388', 'clientuser388', 'clientuser388@qq.com'),
(389, 'clientuser389', 'clientuser389', 'clientuser389@qq.com'),
(390, 'clientuser390', 'clientuser390', 'clientuser390@qq.com'),
(391, 'clientuser391', 'clientuser391', 'clientuser391@qq.com'),
(392, 'clientuser392', 'clientuser392', 'clientuser392@qq.com'),
(393, 'clientuser393', 'clientuser393', 'clientuser393@qq.com'),
(394, 'clientuser394', 'clientuser394', 'clientuser394@qq.com'),
(395, 'clientuser395', 'clientuser395', 'clientuser395@qq.com'),
(396, 'clientuser396', 'clientuser396', 'clientuser396@qq.com'),
(397, 'clientuser397', 'clientuser397', 'clientuser397@qq.com'),
(398, 'clientuser398', 'clientuser398', 'clientuser398@qq.com'),
(399, 'clientuser399', 'clientuser399', 'clientuser399@qq.com'),
(400, 'clientuser400', 'clientuser400', 'clientuser400@qq.com'),
(401, 'clientuser401', 'clientuser401', 'clientuser401@qq.com'),
(402, 'clientuser402', 'clientuser402', 'clientuser402@qq.com'),
(403, 'clientuser403', 'clientuser403', 'clientuser403@qq.com'),
(404, 'clientuser404', 'clientuser404', 'clientuser404@qq.com'),
(405, 'clientuser405', 'clientuser405', 'clientuser405@qq.com'),
(406, 'clientuser406', 'clientuser406', 'clientuser406@qq.com'),
(407, 'clientuser407', 'clientuser407', 'clientuser407@qq.com'),
(408, 'clientuser408', 'clientuser408', 'clientuser408@qq.com'),
(409, 'clientuser409', 'clientuser409', 'clientuser409@qq.com'),
(410, 'clientuser410', 'clientuser410', 'clientuser410@qq.com'),
(411, 'clientuser411', 'clientuser411', 'clientuser411@qq.com'),
(412, 'clientuser412', 'clientuser412', 'clientuser412@qq.com'),
(413, 'clientuser413', 'clientuser413', 'clientuser413@qq.com'),
(414, 'clientuser414', 'clientuser414', 'clientuser414@qq.com'),
(415, 'clientuser415', 'clientuser415', 'clientuser415@qq.com'),
(416, 'clientuser416', 'clientuser416', 'clientuser416@qq.com'),
(417, 'clientuser417', 'clientuser417', 'clientuser417@qq.com'),
(418, 'clientuser418', 'clientuser418', 'clientuser418@qq.com'),
(419, 'clientuser419', 'clientuser419', 'clientuser419@qq.com'),
(420, 'clientuser420', 'clientuser420', 'clientuser420@qq.com'),
(421, 'clientuser421', 'clientuser421', 'clientuser421@qq.com'),
(422, 'clientuser422', 'clientuser422', 'clientuser422@qq.com'),
(423, 'clientuser423', 'clientuser423', 'clientuser423@qq.com'),
(424, 'clientuser424', 'clientuser424', 'clientuser424@qq.com'),
(425, 'clientuser425', 'clientuser425', 'clientuser425@qq.com'),
(426, 'clientuser426', 'clientuser426', 'clientuser426@qq.com'),
(427, 'clientuser427', 'clientuser427', 'clientuser427@qq.com'),
(428, 'clientuser428', 'clientuser428', 'clientuser428@qq.com'),
(429, 'clientuser429', 'clientuser429', 'clientuser429@qq.com'),
(430, 'clientuser430', 'clientuser430', 'clientuser430@qq.com'),
(431, 'clientuser431', 'clientuser431', 'clientuser431@qq.com'),
(432, 'clientuser432', 'clientuser432', 'clientuser432@qq.com'),
(433, 'clientuser433', 'clientuser433', 'clientuser433@qq.com'),
(434, 'clientuser434', 'clientuser434', 'clientuser434@qq.com'),
(435, 'clientuser435', 'clientuser435', 'clientuser435@qq.com'),
(436, 'clientuser436', 'clientuser436', 'clientuser436@qq.com'),
(437, 'clientuser437', 'clientuser437', 'clientuser437@qq.com'),
(438, 'clientuser438', 'clientuser438', 'clientuser438@qq.com'),
(439, 'clientuser439', 'clientuser439', 'clientuser439@qq.com'),
(440, 'clientuser440', 'clientuser440', 'clientuser440@qq.com'),
(441, 'clientuser441', 'clientuser441', 'clientuser441@qq.com'),
(442, 'clientuser442', 'clientuser442', 'clientuser442@qq.com'),
(443, 'clientuser443', 'clientuser443', 'clientuser443@qq.com'),
(444, 'clientuser444', 'clientuser444', 'clientuser444@qq.com'),
(445, 'clientuser445', 'clientuser445', 'clientuser445@qq.com'),
(446, 'clientuser446', 'clientuser446', 'clientuser446@qq.com'),
(447, 'clientuser447', 'clientuser447', 'clientuser447@qq.com'),
(448, 'clientuser448', 'clientuser448', 'clientuser448@qq.com'),
(449, 'clientuser449', 'clientuser449', 'clientuser449@qq.com'),
(450, 'clientuser450', 'clientuser450', 'clientuser450@qq.com'),
(451, 'clientuser451', 'clientuser451', 'clientuser451@qq.com'),
(452, 'clientuser452', 'clientuser452', 'clientuser452@qq.com'),
(453, 'clientuser453', 'clientuser453', 'clientuser453@qq.com'),
(454, 'clientuser454', 'clientuser454', 'clientuser454@qq.com'),
(455, 'clientuser455', 'clientuser455', 'clientuser455@qq.com'),
(456, 'clientuser456', 'clientuser456', 'clientuser456@qq.com'),
(457, 'clientuser457', 'clientuser457', 'clientuser457@qq.com'),
(458, 'clientuser458', 'clientuser458', 'clientuser458@qq.com'),
(459, 'clientuser459', 'clientuser459', 'clientuser459@qq.com'),
(460, 'clientuser460', 'clientuser460', 'clientuser460@qq.com'),
(461, 'clientuser461', 'clientuser461', 'clientuser461@qq.com'),
(462, 'clientuser462', 'clientuser462', 'clientuser462@qq.com'),
(463, 'clientuser463', 'clientuser463', 'clientuser463@qq.com'),
(464, 'clientuser464', 'clientuser464', 'clientuser464@qq.com'),
(465, 'clientuser465', 'clientuser465', 'clientuser465@qq.com'),
(466, 'clientuser466', 'clientuser466', 'clientuser466@qq.com'),
(467, 'clientuser467', 'clientuser467', 'clientuser467@qq.com'),
(468, 'clientuser468', 'clientuser468', 'clientuser468@qq.com'),
(469, 'clientuser469', 'clientuser469', 'clientuser469@qq.com'),
(470, 'clientuser470', 'clientuser470', 'clientuser470@qq.com'),
(471, 'clientuser471', 'clientuser471', 'clientuser471@qq.com'),
(472, 'clientuser472', 'clientuser472', 'clientuser472@qq.com'),
(473, 'clientuser473', 'clientuser473', 'clientuser473@qq.com'),
(474, 'clientuser474', 'clientuser474', 'clientuser474@qq.com'),
(475, 'clientuser475', 'clientuser475', 'clientuser475@qq.com'),
(476, 'clientuser476', 'clientuser476', 'clientuser476@qq.com'),
(477, 'clientuser477', 'clientuser477', 'clientuser477@qq.com'),
(478, 'clientuser478', 'clientuser478', 'clientuser478@qq.com'),
(479, 'clientuser479', 'clientuser479', 'clientuser479@qq.com'),
(480, 'clientuser480', 'clientuser480', 'clientuser480@qq.com'),
(481, 'clientuser481', 'clientuser481', 'clientuser481@qq.com'),
(482, 'clientuser482', 'clientuser482', 'clientuser482@qq.com'),
(483, 'clientuser483', 'clientuser483', 'clientuser483@qq.com'),
(484, 'clientuser484', 'clientuser484', 'clientuser484@qq.com'),
(485, 'clientuser485', 'clientuser485', 'clientuser485@qq.com'),
(486, 'clientuser486', 'clientuser486', 'clientuser486@qq.com'),
(487, 'clientuser487', 'clientuser487', 'clientuser487@qq.com'),
(488, 'clientuser488', 'clientuser488', 'clientuser488@qq.com'),
(489, 'clientuser489', 'clientuser489', 'clientuser489@qq.com'),
(490, 'clientuser490', 'clientuser490', 'clientuser490@qq.com'),
(491, 'clientuser491', 'clientuser491', 'clientuser491@qq.com'),
(492, 'clientuser492', 'clientuser492', 'clientuser492@qq.com'),
(493, 'clientuser493', 'clientuser493', 'clientuser493@qq.com'),
(494, 'clientuser494', 'clientuser494', 'clientuser494@qq.com'),
(495, 'clientuser495', 'clientuser495', 'clientuser495@qq.com'),
(496, 'clientuser496', 'clientuser496', 'clientuser496@qq.com'),
(497, 'clientuser497', 'clientuser497', 'clientuser497@qq.com'),
(498, 'clientuser498', 'clientuser498', 'clientuser498@qq.com'),
(499, 'clientuser499', 'clientuser499', 'clientuser499@qq.com'),
(500, 'clientuser500', 'clientuser500', 'clientuser500@qq.com'),
(501, 'clientuser501', 'clientuser501', 'clientuser501@qq.com'),
(502, 'clientuser502', 'clientuser502', 'clientuser502@qq.com'),
(503, 'clientuser503', 'clientuser503', 'clientuser503@qq.com'),
(504, 'clientuser504', 'clientuser504', 'clientuser504@qq.com'),
(505, 'clientuser505', 'clientuser505', 'clientuser505@qq.com'),
(506, 'clientuser506', 'clientuser506', 'clientuser506@qq.com'),
(507, 'clientuser507', 'clientuser507', 'clientuser507@qq.com'),
(508, 'clientuser508', 'clientuser508', 'clientuser508@qq.com'),
(509, 'clientuser509', 'clientuser509', 'clientuser509@qq.com'),
(510, 'clientuser510', 'clientuser510', 'clientuser510@qq.com'),
(511, 'clientuser511', 'clientuser511', 'clientuser511@qq.com'),
(512, 'clientuser512', 'clientuser512', 'clientuser512@qq.com'),
(513, 'clientuser513', 'clientuser513', 'clientuser513@qq.com'),
(514, 'clientuser514', 'clientuser514', 'clientuser514@qq.com'),
(515, 'clientuser515', 'clientuser515', 'clientuser515@qq.com'),
(516, 'clientuser516', 'clientuser516', 'clientuser516@qq.com'),
(517, 'clientuser517', 'clientuser517', 'clientuser517@qq.com'),
(518, 'clientuser518', 'clientuser518', 'clientuser518@qq.com'),
(519, 'clientuser519', 'clientuser519', 'clientuser519@qq.com'),
(520, 'clientuser520', 'clientuser520', 'clientuser520@qq.com'),
(521, 'clientuser521', 'clientuser521', 'clientuser521@qq.com'),
(522, 'clientuser522', 'clientuser522', 'clientuser522@qq.com'),
(523, 'clientuser523', 'clientuser523', 'clientuser523@qq.com'),
(524, 'clientuser524', 'clientuser524', 'clientuser524@qq.com'),
(525, 'clientuser525', 'clientuser525', 'clientuser525@qq.com'),
(526, 'clientuser526', 'clientuser526', 'clientuser526@qq.com'),
(527, 'clientuser527', 'clientuser527', 'clientuser527@qq.com'),
(528, 'clientuser528', 'clientuser528', 'clientuser528@qq.com'),
(529, 'clientuser529', 'clientuser529', 'clientuser529@qq.com'),
(530, 'clientuser530', 'clientuser530', 'clientuser530@qq.com'),
(531, 'clientuser531', 'clientuser531', 'clientuser531@qq.com'),
(532, 'clientuser532', 'clientuser532', 'clientuser532@qq.com'),
(533, 'clientuser533', 'clientuser533', 'clientuser533@qq.com'),
(534, 'clientuser534', 'clientuser534', 'clientuser534@qq.com'),
(535, 'clientuser535', 'clientuser535', 'clientuser535@qq.com'),
(536, 'clientuser536', 'clientuser536', 'clientuser536@qq.com'),
(537, 'clientuser537', 'clientuser537', 'clientuser537@qq.com'),
(538, 'clientuser538', 'clientuser538', 'clientuser538@qq.com'),
(539, 'clientuser539', 'clientuser539', 'clientuser539@qq.com'),
(540, 'clientuser540', 'clientuser540', 'clientuser540@qq.com'),
(541, 'clientuser541', 'clientuser541', 'clientuser541@qq.com'),
(542, 'clientuser542', 'clientuser542', 'clientuser542@qq.com'),
(543, 'clientuser543', 'clientuser543', 'clientuser543@qq.com'),
(544, 'clientuser544', 'clientuser544', 'clientuser544@qq.com'),
(545, 'clientuser545', 'clientuser545', 'clientuser545@qq.com'),
(546, 'clientuser546', 'clientuser546', 'clientuser546@qq.com'),
(547, 'clientuser547', 'clientuser547', 'clientuser547@qq.com'),
(548, 'clientuser548', 'clientuser548', 'clientuser548@qq.com'),
(549, 'clientuser549', 'clientuser549', 'clientuser549@qq.com'),
(550, 'clientuser550', 'clientuser550', 'clientuser550@qq.com'),
(551, 'clientuser551', 'clientuser551', 'clientuser551@qq.com'),
(552, 'clientuser552', 'clientuser552', 'clientuser552@qq.com'),
(553, 'clientuser553', 'clientuser553', 'clientuser553@qq.com'),
(554, 'clientuser554', 'clientuser554', 'clientuser554@qq.com'),
(555, 'clientuser555', 'clientuser555', 'clientuser555@qq.com'),
(556, 'clientuser556', 'clientuser556', 'clientuser556@qq.com'),
(557, 'clientuser557', 'clientuser557', 'clientuser557@qq.com'),
(558, 'clientuser558', 'clientuser558', 'clientuser558@qq.com'),
(559, 'clientuser559', 'clientuser559', 'clientuser559@qq.com'),
(560, 'clientuser560', 'clientuser560', 'clientuser560@qq.com'),
(561, 'clientuser561', 'clientuser561', 'clientuser561@qq.com'),
(562, 'clientuser562', 'clientuser562', 'clientuser562@qq.com'),
(563, 'clientuser563', 'clientuser563', 'clientuser563@qq.com'),
(564, 'clientuser564', 'clientuser564', 'clientuser564@qq.com'),
(565, 'clientuser565', 'clientuser565', 'clientuser565@qq.com'),
(566, 'clientuser566', 'clientuser566', 'clientuser566@qq.com'),
(567, 'clientuser567', 'clientuser567', 'clientuser567@qq.com'),
(568, 'clientuser568', 'clientuser568', 'clientuser568@qq.com'),
(569, 'clientuser569', 'clientuser569', 'clientuser569@qq.com'),
(570, 'clientuser570', 'clientuser570', 'clientuser570@qq.com'),
(571, 'clientuser571', 'clientuser571', 'clientuser571@qq.com'),
(572, 'clientuser572', 'clientuser572', 'clientuser572@qq.com'),
(573, 'clientuser573', 'clientuser573', 'clientuser573@qq.com'),
(574, 'clientuser574', 'clientuser574', 'clientuser574@qq.com'),
(575, 'clientuser575', 'clientuser575', 'clientuser575@qq.com'),
(576, 'clientuser576', 'clientuser576', 'clientuser576@qq.com'),
(577, 'clientuser577', 'clientuser577', 'clientuser577@qq.com'),
(578, 'clientuser578', 'clientuser578', 'clientuser578@qq.com'),
(579, 'clientuser579', 'clientuser579', 'clientuser579@qq.com'),
(580, 'clientuser580', 'clientuser580', 'clientuser580@qq.com'),
(581, 'clientuser581', 'clientuser581', 'clientuser581@qq.com'),
(582, 'clientuser582', 'clientuser582', 'clientuser582@qq.com'),
(583, 'clientuser583', 'clientuser583', 'clientuser583@qq.com'),
(584, 'clientuser584', 'clientuser584', 'clientuser584@qq.com'),
(585, 'clientuser585', 'clientuser585', 'clientuser585@qq.com'),
(586, 'clientuser586', 'clientuser586', 'clientuser586@qq.com'),
(587, 'clientuser587', 'clientuser587', 'clientuser587@qq.com'),
(588, 'clientuser588', 'clientuser588', 'clientuser588@qq.com'),
(589, 'clientuser589', 'clientuser589', 'clientuser589@qq.com'),
(590, 'clientuser590', 'clientuser590', 'clientuser590@qq.com'),
(591, 'clientuser591', 'clientuser591', 'clientuser591@qq.com'),
(592, 'clientuser592', 'clientuser592', 'clientuser592@qq.com'),
(593, 'clientuser593', 'clientuser593', 'clientuser593@qq.com'),
(594, 'clientuser594', 'clientuser594', 'clientuser594@qq.com'),
(595, 'clientuser595', 'clientuser595', 'clientuser595@qq.com'),
(596, 'clientuser596', 'clientuser596', 'clientuser596@qq.com'),
(597, 'clientuser597', 'clientuser597', 'clientuser597@qq.com'),
(598, 'clientuser598', 'clientuser598', 'clientuser598@qq.com'),
(599, 'clientuser599', 'clientuser599', 'clientuser599@qq.com'),
(600, 'clientuser600', 'clientuser600', 'clientuser600@qq.com'),
(601, 'clientuser601', 'clientuser601', 'clientuser601@qq.com'),
(602, 'clientuser602', 'clientuser602', 'clientuser602@qq.com'),
(603, 'clientuser603', 'clientuser603', 'clientuser603@qq.com'),
(604, 'clientuser604', 'clientuser604', 'clientuser604@qq.com'),
(605, 'clientuser605', 'clientuser605', 'clientuser605@qq.com'),
(606, 'clientuser606', 'clientuser606', 'clientuser606@qq.com'),
(607, 'clientuser607', 'clientuser607', 'clientuser607@qq.com'),
(608, 'clientuser608', 'clientuser608', 'clientuser608@qq.com'),
(609, 'clientuser609', 'clientuser609', 'clientuser609@qq.com'),
(610, 'clientuser610', 'clientuser610', 'clientuser610@qq.com'),
(611, 'clientuser611', 'clientuser611', 'clientuser611@qq.com'),
(612, 'clientuser612', 'clientuser612', 'clientuser612@qq.com'),
(613, 'clientuser613', 'clientuser613', 'clientuser613@qq.com'),
(614, 'clientuser614', 'clientuser614', 'clientuser614@qq.com'),
(615, 'clientuser615', 'clientuser615', 'clientuser615@qq.com'),
(616, 'clientuser616', 'clientuser616', 'clientuser616@qq.com'),
(617, 'clientuser617', 'clientuser617', 'clientuser617@qq.com'),
(618, 'clientuser618', 'clientuser618', 'clientuser618@qq.com'),
(619, 'clientuser619', 'clientuser619', 'clientuser619@qq.com'),
(620, 'clientuser620', 'clientuser620', 'clientuser620@qq.com'),
(621, 'clientuser621', 'clientuser621', 'clientuser621@qq.com'),
(622, 'clientuser622', 'clientuser622', 'clientuser622@qq.com'),
(623, 'clientuser623', 'clientuser623', 'clientuser623@qq.com'),
(624, 'clientuser624', 'clientuser624', 'clientuser624@qq.com'),
(625, 'clientuser625', 'clientuser625', 'clientuser625@qq.com'),
(626, 'clientuser626', 'clientuser626', 'clientuser626@qq.com'),
(627, 'clientuser627', 'clientuser627', 'clientuser627@qq.com'),
(628, 'clientuser628', 'clientuser628', 'clientuser628@qq.com'),
(629, 'clientuser629', 'clientuser629', 'clientuser629@qq.com'),
(630, 'clientuser630', 'clientuser630', 'clientuser630@qq.com'),
(631, 'clientuser631', 'clientuser631', 'clientuser631@qq.com'),
(632, 'clientuser632', 'clientuser632', 'clientuser632@qq.com'),
(633, 'clientuser633', 'clientuser633', 'clientuser633@qq.com'),
(634, 'clientuser634', 'clientuser634', 'clientuser634@qq.com'),
(635, 'clientuser635', 'clientuser635', 'clientuser635@qq.com'),
(636, 'clientuser636', 'clientuser636', 'clientuser636@qq.com'),
(637, 'clientuser637', 'clientuser637', 'clientuser637@qq.com'),
(638, 'clientuser638', 'clientuser638', 'clientuser638@qq.com'),
(639, 'clientuser639', 'clientuser639', 'clientuser639@qq.com'),
(640, 'clientuser640', 'clientuser640', 'clientuser640@qq.com'),
(641, 'clientuser641', 'clientuser641', 'clientuser641@qq.com'),
(642, 'clientuser642', 'clientuser642', 'clientuser642@qq.com'),
(643, 'clientuser643', 'clientuser643', 'clientuser643@qq.com'),
(644, 'clientuser644', 'clientuser644', 'clientuser644@qq.com'),
(645, 'clientuser645', 'clientuser645', 'clientuser645@qq.com'),
(646, 'clientuser646', 'clientuser646', 'clientuser646@qq.com'),
(647, 'clientuser647', 'clientuser647', 'clientuser647@qq.com'),
(648, 'clientuser648', 'clientuser648', 'clientuser648@qq.com'),
(649, 'clientuser649', 'clientuser649', 'clientuser649@qq.com'),
(650, 'clientuser650', 'clientuser650', 'clientuser650@qq.com'),
(651, 'clientuser651', 'clientuser651', 'clientuser651@qq.com'),
(652, 'clientuser652', 'clientuser652', 'clientuser652@qq.com'),
(653, 'clientuser653', 'clientuser653', 'clientuser653@qq.com'),
(654, 'clientuser654', 'clientuser654', 'clientuser654@qq.com'),
(655, 'clientuser655', 'clientuser655', 'clientuser655@qq.com'),
(656, 'clientuser656', 'clientuser656', 'clientuser656@qq.com'),
(657, 'clientuser657', 'clientuser657', 'clientuser657@qq.com'),
(658, 'clientuser658', 'clientuser658', 'clientuser658@qq.com'),
(659, 'clientuser659', 'clientuser659', 'clientuser659@qq.com'),
(660, 'clientuser660', 'clientuser660', 'clientuser660@qq.com'),
(661, 'clientuser661', 'clientuser661', 'clientuser661@qq.com'),
(662, 'clientuser662', 'clientuser662', 'clientuser662@qq.com'),
(663, 'clientuser663', 'clientuser663', 'clientuser663@qq.com'),
(664, 'clientuser664', 'clientuser664', 'clientuser664@qq.com'),
(665, 'clientuser665', 'clientuser665', 'clientuser665@qq.com'),
(666, 'clientuser666', 'clientuser666', 'clientuser666@qq.com'),
(667, 'clientuser667', 'clientuser667', 'clientuser667@qq.com'),
(668, 'clientuser668', 'clientuser668', 'clientuser668@qq.com'),
(669, 'clientuser669', 'clientuser669', 'clientuser669@qq.com'),
(670, 'clientuser670', 'clientuser670', 'clientuser670@qq.com'),
(671, 'clientuser671', 'clientuser671', 'clientuser671@qq.com'),
(672, 'clientuser672', 'clientuser672', 'clientuser672@qq.com'),
(673, 'clientuser673', 'clientuser673', 'clientuser673@qq.com'),
(674, 'clientuser674', 'clientuser674', 'clientuser674@qq.com'),
(675, 'clientuser675', 'clientuser675', 'clientuser675@qq.com'),
(676, 'clientuser676', 'clientuser676', 'clientuser676@qq.com'),
(677, 'clientuser677', 'clientuser677', 'clientuser677@qq.com'),
(678, 'clientuser678', 'clientuser678', 'clientuser678@qq.com'),
(679, 'clientuser679', 'clientuser679', 'clientuser679@qq.com'),
(680, 'clientuser680', 'clientuser680', 'clientuser680@qq.com'),
(681, 'clientuser681', 'clientuser681', 'clientuser681@qq.com'),
(682, 'clientuser682', 'clientuser682', 'clientuser682@qq.com'),
(683, 'clientuser683', 'clientuser683', 'clientuser683@qq.com'),
(684, 'clientuser684', 'clientuser684', 'clientuser684@qq.com'),
(685, 'clientuser685', 'clientuser685', 'clientuser685@qq.com'),
(686, 'clientuser686', 'clientuser686', 'clientuser686@qq.com'),
(687, 'clientuser687', 'clientuser687', 'clientuser687@qq.com'),
(688, 'clientuser688', 'clientuser688', 'clientuser688@qq.com'),
(689, 'clientuser689', 'clientuser689', 'clientuser689@qq.com'),
(690, 'clientuser690', 'clientuser690', 'clientuser690@qq.com'),
(691, 'clientuser691', 'clientuser691', 'clientuser691@qq.com'),
(692, 'clientuser692', 'clientuser692', 'clientuser692@qq.com'),
(693, 'clientuser693', 'clientuser693', 'clientuser693@qq.com'),
(694, 'clientuser694', 'clientuser694', 'clientuser694@qq.com'),
(695, 'clientuser695', 'clientuser695', 'clientuser695@qq.com'),
(696, 'clientuser696', 'clientuser696', 'clientuser696@qq.com'),
(697, 'clientuser697', 'clientuser697', 'clientuser697@qq.com'),
(698, 'clientuser698', 'clientuser698', 'clientuser698@qq.com'),
(699, 'clientuser699', 'clientuser699', 'clientuser699@qq.com'),
(700, 'clientuser700', 'clientuser700', 'clientuser700@qq.com'),
(701, 'clientuser701', 'clientuser701', 'clientuser701@qq.com'),
(702, 'clientuser702', 'clientuser702', 'clientuser702@qq.com'),
(703, 'clientuser703', 'clientuser703', 'clientuser703@qq.com'),
(704, 'clientuser704', 'clientuser704', 'clientuser704@qq.com'),
(705, 'clientuser705', 'clientuser705', 'clientuser705@qq.com'),
(706, 'clientuser706', 'clientuser706', 'clientuser706@qq.com'),
(707, 'clientuser707', 'clientuser707', 'clientuser707@qq.com'),
(708, 'clientuser708', 'clientuser708', 'clientuser708@qq.com'),
(709, 'clientuser709', 'clientuser709', 'clientuser709@qq.com'),
(710, 'clientuser710', 'clientuser710', 'clientuser710@qq.com'),
(711, 'clientuser711', 'clientuser711', 'clientuser711@qq.com'),
(712, 'clientuser712', 'clientuser712', 'clientuser712@qq.com'),
(713, 'clientuser713', 'clientuser713', 'clientuser713@qq.com'),
(714, 'clientuser714', 'clientuser714', 'clientuser714@qq.com'),
(715, 'clientuser715', 'clientuser715', 'clientuser715@qq.com'),
(716, 'clientuser716', 'clientuser716', 'clientuser716@qq.com'),
(717, 'clientuser717', 'clientuser717', 'clientuser717@qq.com'),
(718, 'clientuser718', 'clientuser718', 'clientuser718@qq.com'),
(719, 'clientuser719', 'clientuser719', 'clientuser719@qq.com'),
(720, 'clientuser720', 'clientuser720', 'clientuser720@qq.com'),
(721, 'clientuser721', 'clientuser721', 'clientuser721@qq.com'),
(722, 'clientuser722', 'clientuser722', 'clientuser722@qq.com'),
(723, 'clientuser723', 'clientuser723', 'clientuser723@qq.com'),
(724, 'clientuser724', 'clientuser724', 'clientuser724@qq.com'),
(725, 'clientuser725', 'clientuser725', 'clientuser725@qq.com'),
(726, 'clientuser726', 'clientuser726', 'clientuser726@qq.com'),
(727, 'clientuser727', 'clientuser727', 'clientuser727@qq.com'),
(728, 'clientuser728', 'clientuser728', 'clientuser728@qq.com'),
(729, 'clientuser729', 'clientuser729', 'clientuser729@qq.com'),
(730, 'clientuser730', 'clientuser730', 'clientuser730@qq.com'),
(731, 'clientuser731', 'clientuser731', 'clientuser731@qq.com'),
(732, 'clientuser732', 'clientuser732', 'clientuser732@qq.com'),
(733, 'clientuser733', 'clientuser733', 'clientuser733@qq.com'),
(734, 'clientuser734', 'clientuser734', 'clientuser734@qq.com'),
(735, 'clientuser735', 'clientuser735', 'clientuser735@qq.com'),
(736, 'clientuser736', 'clientuser736', 'clientuser736@qq.com'),
(737, 'clientuser737', 'clientuser737', 'clientuser737@qq.com'),
(738, 'clientuser738', 'clientuser738', 'clientuser738@qq.com'),
(739, 'clientuser739', 'clientuser739', 'clientuser739@qq.com'),
(740, 'clientuser740', 'clientuser740', 'clientuser740@qq.com'),
(741, 'clientuser741', 'clientuser741', 'clientuser741@qq.com'),
(742, 'clientuser742', 'clientuser742', 'clientuser742@qq.com'),
(743, 'clientuser743', 'clientuser743', 'clientuser743@qq.com'),
(744, 'clientuser744', 'clientuser744', 'clientuser744@qq.com'),
(745, 'clientuser745', 'clientuser745', 'clientuser745@qq.com'),
(746, 'clientuser746', 'clientuser746', 'clientuser746@qq.com'),
(747, 'clientuser747', 'clientuser747', 'clientuser747@qq.com'),
(748, 'clientuser748', 'clientuser748', 'clientuser748@qq.com'),
(749, 'clientuser749', 'clientuser749', 'clientuser749@qq.com'),
(750, 'clientuser750', 'clientuser750', 'clientuser750@qq.com'),
(751, 'clientuser751', 'clientuser751', 'clientuser751@qq.com'),
(752, 'clientuser752', 'clientuser752', 'clientuser752@qq.com'),
(753, 'clientuser753', 'clientuser753', 'clientuser753@qq.com'),
(754, 'clientuser754', 'clientuser754', 'clientuser754@qq.com'),
(755, 'clientuser755', 'clientuser755', 'clientuser755@qq.com'),
(756, 'clientuser756', 'clientuser756', 'clientuser756@qq.com'),
(757, 'clientuser757', 'clientuser757', 'clientuser757@qq.com'),
(758, 'clientuser758', 'clientuser758', 'clientuser758@qq.com'),
(759, 'clientuser759', 'clientuser759', 'clientuser759@qq.com'),
(760, 'clientuser760', 'clientuser760', 'clientuser760@qq.com'),
(761, 'clientuser761', 'clientuser761', 'clientuser761@qq.com'),
(762, 'clientuser762', 'clientuser762', 'clientuser762@qq.com'),
(763, 'clientuser763', 'clientuser763', 'clientuser763@qq.com'),
(764, 'clientuser764', 'clientuser764', 'clientuser764@qq.com'),
(765, 'clientuser765', 'clientuser765', 'clientuser765@qq.com'),
(766, 'clientuser766', 'clientuser766', 'clientuser766@qq.com'),
(767, 'clientuser767', 'clientuser767', 'clientuser767@qq.com'),
(768, 'clientuser768', 'clientuser768', 'clientuser768@qq.com'),
(769, 'clientuser769', 'clientuser769', 'clientuser769@qq.com'),
(770, 'clientuser770', 'clientuser770', 'clientuser770@qq.com'),
(771, 'clientuser771', 'clientuser771', 'clientuser771@qq.com'),
(772, 'clientuser772', 'clientuser772', 'clientuser772@qq.com'),
(773, 'clientuser773', 'clientuser773', 'clientuser773@qq.com'),
(774, 'clientuser774', 'clientuser774', 'clientuser774@qq.com'),
(775, 'clientuser775', 'clientuser775', 'clientuser775@qq.com'),
(776, 'clientuser776', 'clientuser776', 'clientuser776@qq.com'),
(777, 'clientuser777', 'clientuser777', 'clientuser777@qq.com'),
(778, 'clientuser778', 'clientuser778', 'clientuser778@qq.com'),
(779, 'clientuser779', 'clientuser779', 'clientuser779@qq.com'),
(780, 'clientuser780', 'clientuser780', 'clientuser780@qq.com'),
(781, 'clientuser781', 'clientuser781', 'clientuser781@qq.com'),
(782, 'clientuser782', 'clientuser782', 'clientuser782@qq.com'),
(783, 'clientuser783', 'clientuser783', 'clientuser783@qq.com'),
(784, 'clientuser784', 'clientuser784', 'clientuser784@qq.com'),
(785, 'clientuser785', 'clientuser785', 'clientuser785@qq.com'),
(786, 'clientuser786', 'clientuser786', 'clientuser786@qq.com'),
(787, 'clientuser787', 'clientuser787', 'clientuser787@qq.com'),
(788, 'clientuser788', 'clientuser788', 'clientuser788@qq.com'),
(789, 'clientuser789', 'clientuser789', 'clientuser789@qq.com'),
(790, 'clientuser790', 'clientuser790', 'clientuser790@qq.com'),
(791, 'clientuser791', 'clientuser791', 'clientuser791@qq.com'),
(792, 'clientuser792', 'clientuser792', 'clientuser792@qq.com'),
(793, 'clientuser793', 'clientuser793', 'clientuser793@qq.com'),
(794, 'clientuser794', 'clientuser794', 'clientuser794@qq.com'),
(795, 'clientuser795', 'clientuser795', 'clientuser795@qq.com'),
(796, 'clientuser796', 'clientuser796', 'clientuser796@qq.com'),
(797, 'clientuser797', 'clientuser797', 'clientuser797@qq.com'),
(798, 'clientuser798', 'clientuser798', 'clientuser798@qq.com'),
(799, 'clientuser799', 'clientuser799', 'clientuser799@qq.com');
INSERT INTO `client_user` (`id`, `username`, `password`, `email`) VALUES
(800, 'clientuser800', 'clientuser800', 'clientuser800@qq.com'),
(801, 'clientuser801', 'clientuser801', 'clientuser801@qq.com'),
(802, 'clientuser802', 'clientuser802', 'clientuser802@qq.com'),
(803, 'clientuser803', 'clientuser803', 'clientuser803@qq.com'),
(804, 'clientuser804', 'clientuser804', 'clientuser804@qq.com'),
(805, 'clientuser805', 'clientuser805', 'clientuser805@qq.com'),
(806, 'clientuser806', 'clientuser806', 'clientuser806@qq.com'),
(807, 'clientuser807', 'clientuser807', 'clientuser807@qq.com'),
(808, 'clientuser808', 'clientuser808', 'clientuser808@qq.com'),
(809, 'clientuser809', 'clientuser809', 'clientuser809@qq.com'),
(810, 'clientuser810', 'clientuser810', 'clientuser810@qq.com'),
(811, 'clientuser811', 'clientuser811', 'clientuser811@qq.com'),
(812, 'clientuser812', 'clientuser812', 'clientuser812@qq.com'),
(813, 'clientuser813', 'clientuser813', 'clientuser813@qq.com'),
(814, 'clientuser814', 'clientuser814', 'clientuser814@qq.com'),
(815, 'clientuser815', 'clientuser815', 'clientuser815@qq.com'),
(816, 'clientuser816', 'clientuser816', 'clientuser816@qq.com'),
(817, 'clientuser817', 'clientuser817', 'clientuser817@qq.com'),
(818, 'clientuser818', 'clientuser818', 'clientuser818@qq.com'),
(819, 'clientuser819', 'clientuser819', 'clientuser819@qq.com'),
(820, 'clientuser820', 'clientuser820', 'clientuser820@qq.com'),
(821, 'clientuser821', 'clientuser821', 'clientuser821@qq.com'),
(822, 'clientuser822', 'clientuser822', 'clientuser822@qq.com'),
(823, 'clientuser823', 'clientuser823', 'clientuser823@qq.com'),
(824, 'clientuser824', 'clientuser824', 'clientuser824@qq.com'),
(825, 'clientuser825', 'clientuser825', 'clientuser825@qq.com'),
(826, 'clientuser826', 'clientuser826', 'clientuser826@qq.com'),
(827, 'clientuser827', 'clientuser827', 'clientuser827@qq.com'),
(828, 'clientuser828', 'clientuser828', 'clientuser828@qq.com'),
(829, 'clientuser829', 'clientuser829', 'clientuser829@qq.com'),
(830, 'clientuser830', 'clientuser830', 'clientuser830@qq.com'),
(831, 'clientuser831', 'clientuser831', 'clientuser831@qq.com'),
(832, 'clientuser832', 'clientuser832', 'clientuser832@qq.com'),
(833, 'clientuser833', 'clientuser833', 'clientuser833@qq.com'),
(834, 'clientuser834', 'clientuser834', 'clientuser834@qq.com'),
(835, 'clientuser835', 'clientuser835', 'clientuser835@qq.com'),
(836, 'clientuser836', 'clientuser836', 'clientuser836@qq.com'),
(837, 'clientuser837', 'clientuser837', 'clientuser837@qq.com'),
(838, 'clientuser838', 'clientuser838', 'clientuser838@qq.com'),
(839, 'clientuser839', 'clientuser839', 'clientuser839@qq.com'),
(840, 'clientuser840', 'clientuser840', 'clientuser840@qq.com'),
(841, 'clientuser841', 'clientuser841', 'clientuser841@qq.com'),
(842, 'clientuser842', 'clientuser842', 'clientuser842@qq.com'),
(843, 'clientuser843', 'clientuser843', 'clientuser843@qq.com'),
(844, 'clientuser844', 'clientuser844', 'clientuser844@qq.com'),
(845, 'clientuser845', 'clientuser845', 'clientuser845@qq.com'),
(846, 'clientuser846', 'clientuser846', 'clientuser846@qq.com'),
(847, 'clientuser847', 'clientuser847', 'clientuser847@qq.com'),
(848, 'clientuser848', 'clientuser848', 'clientuser848@qq.com'),
(849, 'clientuser849', 'clientuser849', 'clientuser849@qq.com'),
(850, 'clientuser850', 'clientuser850', 'clientuser850@qq.com'),
(851, 'clientuser851', 'clientuser851', 'clientuser851@qq.com'),
(852, 'clientuser852', 'clientuser852', 'clientuser852@qq.com'),
(853, 'clientuser853', 'clientuser853', 'clientuser853@qq.com'),
(854, 'clientuser854', 'clientuser854', 'clientuser854@qq.com'),
(855, 'clientuser855', 'clientuser855', 'clientuser855@qq.com'),
(856, 'clientuser856', 'clientuser856', 'clientuser856@qq.com'),
(857, 'clientuser857', 'clientuser857', 'clientuser857@qq.com'),
(858, 'clientuser858', 'clientuser858', 'clientuser858@qq.com'),
(859, 'clientuser859', 'clientuser859', 'clientuser859@qq.com'),
(860, 'clientuser860', 'clientuser860', 'clientuser860@qq.com'),
(861, 'clientuser861', 'clientuser861', 'clientuser861@qq.com'),
(862, 'clientuser862', 'clientuser862', 'clientuser862@qq.com'),
(863, 'clientuser863', 'clientuser863', 'clientuser863@qq.com'),
(864, 'clientuser864', 'clientuser864', 'clientuser864@qq.com'),
(865, 'clientuser865', 'clientuser865', 'clientuser865@qq.com'),
(866, 'clientuser866', 'clientuser866', 'clientuser866@qq.com'),
(867, 'clientuser867', 'clientuser867', 'clientuser867@qq.com'),
(868, 'clientuser868', 'clientuser868', 'clientuser868@qq.com'),
(869, 'clientuser869', 'clientuser869', 'clientuser869@qq.com'),
(870, 'clientuser870', 'clientuser870', 'clientuser870@qq.com'),
(871, 'clientuser871', 'clientuser871', 'clientuser871@qq.com'),
(872, 'clientuser872', 'clientuser872', 'clientuser872@qq.com'),
(873, 'clientuser873', 'clientuser873', 'clientuser873@qq.com'),
(874, 'clientuser874', 'clientuser874', 'clientuser874@qq.com'),
(875, 'clientuser875', 'clientuser875', 'clientuser875@qq.com'),
(876, 'clientuser876', 'clientuser876', 'clientuser876@qq.com'),
(877, 'clientuser877', 'clientuser877', 'clientuser877@qq.com'),
(878, 'clientuser878', 'clientuser878', 'clientuser878@qq.com'),
(879, 'clientuser879', 'clientuser879', 'clientuser879@qq.com'),
(880, 'clientuser880', 'clientuser880', 'clientuser880@qq.com'),
(881, 'clientuser881', 'clientuser881', 'clientuser881@qq.com'),
(882, 'clientuser882', 'clientuser882', 'clientuser882@qq.com'),
(883, 'clientuser883', 'clientuser883', 'clientuser883@qq.com'),
(884, 'clientuser884', 'clientuser884', 'clientuser884@qq.com'),
(885, 'clientuser885', 'clientuser885', 'clientuser885@qq.com'),
(886, 'clientuser886', 'clientuser886', 'clientuser886@qq.com'),
(887, 'clientuser887', 'clientuser887', 'clientuser887@qq.com'),
(888, 'clientuser888', 'clientuser888', 'clientuser888@qq.com'),
(889, 'clientuser889', 'clientuser889', 'clientuser889@qq.com'),
(890, 'clientuser890', 'clientuser890', 'clientuser890@qq.com'),
(891, 'clientuser891', 'clientuser891', 'clientuser891@qq.com'),
(892, 'clientuser892', 'clientuser892', 'clientuser892@qq.com'),
(893, 'clientuser893', 'clientuser893', 'clientuser893@qq.com'),
(894, 'clientuser894', 'clientuser894', 'clientuser894@qq.com'),
(895, 'clientuser895', 'clientuser895', 'clientuser895@qq.com'),
(896, 'clientuser896', 'clientuser896', 'clientuser896@qq.com'),
(897, 'clientuser897', 'clientuser897', 'clientuser897@qq.com'),
(898, 'clientuser898', 'clientuser898', 'clientuser898@qq.com'),
(899, 'clientuser899', 'clientuser899', 'clientuser899@qq.com'),
(900, 'clientuser900', 'clientuser900', 'clientuser900@qq.com'),
(901, 'clientuser901', 'clientuser901', 'clientuser901@qq.com'),
(902, 'clientuser902', 'clientuser902', 'clientuser902@qq.com'),
(903, 'clientuser903', 'clientuser903', 'clientuser903@qq.com'),
(904, 'clientuser904', 'clientuser904', 'clientuser904@qq.com'),
(905, 'clientuser905', 'clientuser905', 'clientuser905@qq.com'),
(906, 'clientuser906', 'clientuser906', 'clientuser906@qq.com'),
(907, 'clientuser907', 'clientuser907', 'clientuser907@qq.com'),
(908, 'clientuser908', 'clientuser908', 'clientuser908@qq.com'),
(909, 'clientuser909', 'clientuser909', 'clientuser909@qq.com'),
(910, 'clientuser910', 'clientuser910', 'clientuser910@qq.com'),
(911, 'clientuser911', 'clientuser911', 'clientuser911@qq.com'),
(912, 'clientuser912', 'clientuser912', 'clientuser912@qq.com'),
(913, 'clientuser913', 'clientuser913', 'clientuser913@qq.com'),
(914, 'clientuser914', 'clientuser914', 'clientuser914@qq.com'),
(915, 'clientuser915', 'clientuser915', 'clientuser915@qq.com'),
(916, 'clientuser916', 'clientuser916', 'clientuser916@qq.com'),
(917, 'clientuser917', 'clientuser917', 'clientuser917@qq.com'),
(918, 'clientuser918', 'clientuser918', 'clientuser918@qq.com'),
(919, 'clientuser919', 'clientuser919', 'clientuser919@qq.com'),
(920, 'clientuser920', 'clientuser920', 'clientuser920@qq.com'),
(921, 'clientuser921', 'clientuser921', 'clientuser921@qq.com'),
(922, 'clientuser922', 'clientuser922', 'clientuser922@qq.com'),
(923, 'clientuser923', 'clientuser923', 'clientuser923@qq.com'),
(924, 'clientuser924', 'clientuser924', 'clientuser924@qq.com'),
(925, 'clientuser925', 'clientuser925', 'clientuser925@qq.com'),
(926, 'clientuser926', 'clientuser926', 'clientuser926@qq.com'),
(927, 'clientuser927', 'clientuser927', 'clientuser927@qq.com'),
(928, 'clientuser928', 'clientuser928', 'clientuser928@qq.com'),
(929, 'clientuser929', 'clientuser929', 'clientuser929@qq.com'),
(930, 'clientuser930', 'clientuser930', 'clientuser930@qq.com'),
(931, 'clientuser931', 'clientuser931', 'clientuser931@qq.com'),
(932, 'clientuser932', 'clientuser932', 'clientuser932@qq.com'),
(933, 'clientuser933', 'clientuser933', 'clientuser933@qq.com'),
(934, 'clientuser934', 'clientuser934', 'clientuser934@qq.com'),
(935, 'clientuser935', 'clientuser935', 'clientuser935@qq.com'),
(936, 'clientuser936', 'clientuser936', 'clientuser936@qq.com'),
(937, 'clientuser937', 'clientuser937', 'clientuser937@qq.com'),
(938, 'clientuser938', 'clientuser938', 'clientuser938@qq.com'),
(939, 'clientuser939', 'clientuser939', 'clientuser939@qq.com'),
(940, 'clientuser940', 'clientuser940', 'clientuser940@qq.com'),
(941, 'clientuser941', 'clientuser941', 'clientuser941@qq.com'),
(942, 'clientuser942', 'clientuser942', 'clientuser942@qq.com'),
(943, 'clientuser943', 'clientuser943', 'clientuser943@qq.com'),
(944, 'clientuser944', 'clientuser944', 'clientuser944@qq.com'),
(945, 'clientuser945', 'clientuser945', 'clientuser945@qq.com'),
(946, 'clientuser946', 'clientuser946', 'clientuser946@qq.com'),
(947, 'clientuser947', 'clientuser947', 'clientuser947@qq.com'),
(948, 'clientuser948', 'clientuser948', 'clientuser948@qq.com'),
(949, 'clientuser949', 'clientuser949', 'clientuser949@qq.com'),
(950, 'clientuser950', 'clientuser950', 'clientuser950@qq.com'),
(951, 'clientuser951', 'clientuser951', 'clientuser951@qq.com'),
(952, 'clientuser952', 'clientuser952', 'clientuser952@qq.com'),
(953, 'clientuser953', 'clientuser953', 'clientuser953@qq.com'),
(954, 'clientuser954', 'clientuser954', 'clientuser954@qq.com'),
(955, 'clientuser955', 'clientuser955', 'clientuser955@qq.com'),
(956, 'clientuser956', 'clientuser956', 'clientuser956@qq.com'),
(957, 'clientuser957', 'clientuser957', 'clientuser957@qq.com'),
(958, 'clientuser958', 'clientuser958', 'clientuser958@qq.com'),
(959, 'clientuser959', 'clientuser959', 'clientuser959@qq.com'),
(960, 'clientuser960', 'clientuser960', 'clientuser960@qq.com'),
(961, 'clientuser961', 'clientuser961', 'clientuser961@qq.com'),
(962, 'clientuser962', 'clientuser962', 'clientuser962@qq.com'),
(963, 'clientuser963', 'clientuser963', 'clientuser963@qq.com'),
(964, 'clientuser964', 'clientuser964', 'clientuser964@qq.com'),
(965, 'clientuser965', 'clientuser965', 'clientuser965@qq.com'),
(966, 'clientuser966', 'clientuser966', 'clientuser966@qq.com'),
(967, 'clientuser967', 'clientuser967', 'clientuser967@qq.com'),
(968, 'clientuser968', 'clientuser968', 'clientuser968@qq.com'),
(969, 'clientuser969', 'clientuser969', 'clientuser969@qq.com'),
(970, 'clientuser970', 'clientuser970', 'clientuser970@qq.com'),
(971, 'clientuser971', 'clientuser971', 'clientuser971@qq.com'),
(972, 'clientuser972', 'clientuser972', 'clientuser972@qq.com'),
(973, 'clientuser973', 'clientuser973', 'clientuser973@qq.com'),
(974, 'clientuser974', 'clientuser974', 'clientuser974@qq.com'),
(975, 'clientuser975', 'clientuser975', 'clientuser975@qq.com'),
(976, 'clientuser976', 'clientuser976', 'clientuser976@qq.com'),
(977, 'clientuser977', 'clientuser977', 'clientuser977@qq.com'),
(978, 'clientuser978', 'clientuser978', 'clientuser978@qq.com'),
(979, 'clientuser979', 'clientuser979', 'clientuser979@qq.com'),
(980, 'clientuser980', 'clientuser980', 'clientuser980@qq.com'),
(981, 'clientuser981', 'clientuser981', 'clientuser981@qq.com'),
(982, 'clientuser982', 'clientuser982', 'clientuser982@qq.com'),
(983, 'clientuser983', 'clientuser983', 'clientuser983@qq.com'),
(984, 'clientuser984', 'clientuser984', 'clientuser984@qq.com'),
(985, 'clientuser985', 'clientuser985', 'clientuser985@qq.com'),
(986, 'clientuser986', 'clientuser986', 'clientuser986@qq.com'),
(987, 'clientuser987', 'clientuser987', 'clientuser987@qq.com'),
(988, 'clientuser988', 'clientuser988', 'clientuser988@qq.com'),
(989, 'clientuser989', 'clientuser989', 'clientuser989@qq.com'),
(990, 'clientuser990', 'clientuser990', 'clientuser990@qq.com'),
(991, 'clientuser991', 'clientuser991', 'clientuser991@qq.com'),
(992, 'clientuser992', 'clientuser992', 'clientuser992@qq.com'),
(993, 'clientuser993', 'clientuser993', 'clientuser993@qq.com'),
(994, 'clientuser994', 'clientuser994', 'clientuser994@qq.com'),
(995, 'clientuser995', 'clientuser995', 'clientuser995@qq.com'),
(996, 'clientuser996', 'clientuser996', 'clientuser996@qq.com'),
(997, 'clientuser997', 'clientuser997', 'clientuser997@qq.com'),
(998, 'clientuser998', 'clientuser998', 'clientuser998@qq.com'),
(999, 'clientuser999', 'clientuser999', 'clientuser999@qq.com'),
(1000, 'clientuser1000', 'clientuser1000', 'clientuser1000@qq.com');

-- --------------------------------------------------------

--
-- 表的结构 `goods_class`
--

CREATE TABLE `goods_class` (
  `id` int(10) NOT NULL,
  `goodsName` varchar(30) NOT NULL,
  `totalNum` int(10) NOT NULL,
  `distributedNum` int(10) NOT NULL COMMENT '(已抢)',
  `remainedNum` int(10) NOT NULL COMMENT '(剩余)',
  `seckillStartTime` varchar(20) NOT NULL DEFAULT '2021-01-01 00:00:00'
) ENGINE=InnoDB DEFAULT CHARSET=utf8;

--
-- 转存表中的数据 `goods_class`
--

INSERT INTO `goods_class` (`id`, `goodsName`, `totalNum`, `distributedNum`, `remainedNum`, `seckillStartTime`) VALUES
(1, 'MI11', 1000, 10, 990, '2021-01-02 20:42:00'),
(2, 'HuaweiMate40', 1000, 10, 990, '2021-01-01 00:00:00');

-- --------------------------------------------------------

--
-- 表的结构 `goods_detail`
--

CREATE TABLE `goods_detail` (
  `id` int(10) NOT NULL,
  `goodsNo` int(10) NOT NULL,
  `goodsClassID` int(10) NOT NULL,
  `isDistributed` int(10) NOT NULL COMMENT '(0未抢,1已分配）',
  `clientName` varchar(30) DEFAULT NULL
) ENGINE=InnoDB DEFAULT CHARSET=utf8;

--
-- 转存表中的数据 `goods_detail`
--

INSERT INTO `goods_detail` (`id`, `goodsNo`, `goodsClassID`, `isDistributed`, `clientName`) VALUES
(1, 1, 1, 1, 'clientuser1'),
(2, 2, 1, 1, 'clientuser2'),
(3, 3, 1, 1, 'clientuser3'),
(4, 4, 1, 1, 'clientuser4'),
(5, 5, 1, 1, 'clientuser5'),
(6, 6, 1, 1, 'clientuser6'),
(7, 7, 1, 1, 'clientuser7'),
(8, 8, 1, 1, 'clientuser8'),
(9, 9, 1, 1, 'clientuser9'),
(10, 10, 1, 1, 'clientuser10'),
(11, 11, 1, 0, NULL),
(12, 12, 1, 0, NULL),
(13, 13, 1, 0, NULL),
(14, 14, 1, 0, NULL),
(15, 15, 1, 0, NULL),
(16, 16, 1, 0, NULL),
(17, 17, 1, 0, NULL),
(18, 18, 1, 0, NULL),
(19, 19, 1, 0, NULL),
(20, 20, 1, 0, NULL),
(21, 21, 1, 0, NULL),
(22, 22, 1, 0, NULL),
(23, 23, 1, 0, NULL),
(24, 24, 1, 0, NULL),
(25, 25, 1, 0, NULL),
(26, 26, 1, 0, NULL),
(27, 27, 1, 0, NULL),
(28, 28, 1, 0, NULL),
(29, 29, 1, 0, NULL),
(30, 30, 1, 0, NULL),
(31, 31, 1, 0, NULL),
(32, 32, 1, 0, NULL),
(33, 33, 1, 0, NULL),
(34, 34, 1, 0, NULL),
(35, 35, 1, 0, NULL),
(36, 36, 1, 0, NULL),
(37, 37, 1, 0, NULL),
(38, 38, 1, 0, NULL),
(39, 39, 1, 0, NULL),
(40, 40, 1, 0, NULL),
(41, 41, 1, 0, NULL),
(42, 42, 1, 0, NULL),
(43, 43, 1, 0, NULL),
(44, 44, 1, 0, NULL),
(45, 45, 1, 0, NULL),
(46, 46, 1, 0, NULL),
(47, 47, 1, 0, NULL),
(48, 48, 1, 0, NULL),
(49, 49, 1, 0, NULL),
(50, 50, 1, 0, NULL),
(51, 51, 1, 0, NULL),
(52, 52, 1, 0, NULL),
(53, 53, 1, 0, NULL),
(54, 54, 1, 0, NULL),
(55, 55, 1, 0, NULL),
(56, 56, 1, 0, NULL),
(57, 57, 1, 0, NULL),
(58, 58, 1, 0, NULL),
(59, 59, 1, 0, NULL),
(60, 60, 1, 0, NULL),
(61, 61, 1, 0, NULL),
(62, 62, 1, 0, NULL),
(63, 63, 1, 0, NULL),
(64, 64, 1, 0, NULL),
(65, 65, 1, 0, NULL),
(66, 66, 1, 0, NULL),
(67, 67, 1, 0, NULL),
(68, 68, 1, 0, NULL),
(69, 69, 1, 0, NULL),
(70, 70, 1, 0, NULL),
(71, 71, 1, 0, NULL),
(72, 72, 1, 0, NULL),
(73, 73, 1, 0, NULL),
(74, 74, 1, 0, NULL),
(75, 75, 1, 0, NULL),
(76, 76, 1, 0, NULL),
(77, 77, 1, 0, NULL),
(78, 78, 1, 0, NULL),
(79, 79, 1, 0, NULL),
(80, 80, 1, 0, NULL),
(81, 81, 1, 0, NULL),
(82, 82, 1, 0, NULL),
(83, 83, 1, 0, NULL),
(84, 84, 1, 0, NULL),
(85, 85, 1, 0, NULL),
(86, 86, 1, 0, NULL),
(87, 87, 1, 0, NULL),
(88, 88, 1, 0, NULL),
(89, 89, 1, 0, NULL),
(90, 90, 1, 0, NULL),
(91, 91, 1, 0, NULL),
(92, 92, 1, 0, NULL),
(93, 93, 1, 0, NULL),
(94, 94, 1, 0, NULL),
(95, 95, 1, 0, NULL),
(96, 96, 1, 0, NULL),
(97, 97, 1, 0, NULL),
(98, 98, 1, 0, NULL),
(99, 99, 1, 0, NULL),
(100, 100, 1, 0, NULL),
(101, 101, 1, 0, NULL),
(102, 102, 1, 0, NULL),
(103, 103, 1, 0, NULL),
(104, 104, 1, 0, NULL),
(105, 105, 1, 0, NULL),
(106, 106, 1, 0, NULL),
(107, 107, 1, 0, NULL),
(108, 108, 1, 0, NULL),
(109, 109, 1, 0, NULL),
(110, 110, 1, 0, NULL),
(111, 111, 1, 0, NULL),
(112, 112, 1, 0, NULL),
(113, 113, 1, 0, NULL),
(114, 114, 1, 0, NULL),
(115, 115, 1, 0, NULL),
(116, 116, 1, 0, NULL),
(117, 117, 1, 0, NULL),
(118, 118, 1, 0, NULL),
(119, 119, 1, 0, NULL),
(120, 120, 1, 0, NULL),
(121, 121, 1, 0, NULL),
(122, 122, 1, 0, NULL),
(123, 123, 1, 0, NULL),
(124, 124, 1, 0, NULL),
(125, 125, 1, 0, NULL),
(126, 126, 1, 0, NULL),
(127, 127, 1, 0, NULL),
(128, 128, 1, 0, NULL),
(129, 129, 1, 0, NULL),
(130, 130, 1, 0, NULL),
(131, 131, 1, 0, NULL),
(132, 132, 1, 0, NULL),
(133, 133, 1, 0, NULL),
(134, 134, 1, 0, NULL),
(135, 135, 1, 0, NULL),
(136, 136, 1, 0, NULL),
(137, 137, 1, 0, NULL),
(138, 138, 1, 0, NULL),
(139, 139, 1, 0, NULL),
(140, 140, 1, 0, NULL),
(141, 141, 1, 0, NULL),
(142, 142, 1, 0, NULL),
(143, 143, 1, 0, NULL),
(144, 144, 1, 0, NULL),
(145, 145, 1, 0, NULL),
(146, 146, 1, 0, NULL),
(147, 147, 1, 0, NULL),
(148, 148, 1, 0, NULL),
(149, 149, 1, 0, NULL),
(150, 150, 1, 0, NULL),
(151, 151, 1, 0, NULL),
(152, 152, 1, 0, NULL),
(153, 153, 1, 0, NULL),
(154, 154, 1, 0, NULL),
(155, 155, 1, 0, NULL),
(156, 156, 1, 0, NULL),
(157, 157, 1, 0, NULL),
(158, 158, 1, 0, NULL),
(159, 159, 1, 0, NULL),
(160, 160, 1, 0, NULL),
(161, 161, 1, 0, NULL),
(162, 162, 1, 0, NULL),
(163, 163, 1, 0, NULL),
(164, 164, 1, 0, NULL),
(165, 165, 1, 0, NULL),
(166, 166, 1, 0, NULL),
(167, 167, 1, 0, NULL),
(168, 168, 1, 0, NULL),
(169, 169, 1, 0, NULL),
(170, 170, 1, 0, NULL),
(171, 171, 1, 0, NULL),
(172, 172, 1, 0, NULL),
(173, 173, 1, 0, NULL),
(174, 174, 1, 0, NULL),
(175, 175, 1, 0, NULL),
(176, 176, 1, 0, NULL),
(177, 177, 1, 0, NULL),
(178, 178, 1, 0, NULL),
(179, 179, 1, 0, NULL),
(180, 180, 1, 0, NULL),
(181, 181, 1, 0, NULL),
(182, 182, 1, 0, NULL),
(183, 183, 1, 0, NULL),
(184, 184, 1, 0, NULL),
(185, 185, 1, 0, NULL),
(186, 186, 1, 0, NULL),
(187, 187, 1, 0, NULL),
(188, 188, 1, 0, NULL),
(189, 189, 1, 0, NULL),
(190, 190, 1, 0, NULL),
(191, 191, 1, 0, NULL),
(192, 192, 1, 0, NULL),
(193, 193, 1, 0, NULL),
(194, 194, 1, 0, NULL),
(195, 195, 1, 0, NULL),
(196, 196, 1, 0, NULL),
(197, 197, 1, 0, NULL),
(198, 198, 1, 0, NULL),
(199, 199, 1, 0, NULL),
(200, 200, 1, 0, NULL),
(201, 201, 1, 0, NULL),
(202, 202, 1, 0, NULL),
(203, 203, 1, 0, NULL),
(204, 204, 1, 0, NULL),
(205, 205, 1, 0, NULL),
(206, 206, 1, 0, NULL),
(207, 207, 1, 0, NULL),
(208, 208, 1, 0, NULL),
(209, 209, 1, 0, NULL),
(210, 210, 1, 0, NULL),
(211, 211, 1, 0, NULL),
(212, 212, 1, 0, NULL),
(213, 213, 1, 0, NULL),
(214, 214, 1, 0, NULL),
(215, 215, 1, 0, NULL),
(216, 216, 1, 0, NULL),
(217, 217, 1, 0, NULL),
(218, 218, 1, 0, NULL),
(219, 219, 1, 0, NULL),
(220, 220, 1, 0, NULL),
(221, 221, 1, 0, NULL),
(222, 222, 1, 0, NULL),
(223, 223, 1, 0, NULL),
(224, 224, 1, 0, NULL),
(225, 225, 1, 0, NULL),
(226, 226, 1, 0, NULL),
(227, 227, 1, 0, NULL),
(228, 228, 1, 0, NULL),
(229, 229, 1, 0, NULL),
(230, 230, 1, 0, NULL),
(231, 231, 1, 0, NULL),
(232, 232, 1, 0, NULL),
(233, 233, 1, 0, NULL),
(234, 234, 1, 0, NULL),
(235, 235, 1, 0, NULL),
(236, 236, 1, 0, NULL),
(237, 237, 1, 0, NULL),
(238, 238, 1, 0, NULL),
(239, 239, 1, 0, NULL),
(240, 240, 1, 0, NULL),
(241, 241, 1, 0, NULL),
(242, 242, 1, 0, NULL),
(243, 243, 1, 0, NULL),
(244, 244, 1, 0, NULL),
(245, 245, 1, 0, NULL),
(246, 246, 1, 0, NULL),
(247, 247, 1, 0, NULL),
(248, 248, 1, 0, NULL),
(249, 249, 1, 0, NULL),
(250, 250, 1, 0, NULL),
(251, 251, 1, 0, NULL),
(252, 252, 1, 0, NULL),
(253, 253, 1, 0, NULL),
(254, 254, 1, 0, NULL),
(255, 255, 1, 0, NULL),
(256, 256, 1, 0, NULL),
(257, 257, 1, 0, NULL),
(258, 258, 1, 0, NULL),
(259, 259, 1, 0, NULL),
(260, 260, 1, 0, NULL),
(261, 261, 1, 0, NULL),
(262, 262, 1, 0, NULL),
(263, 263, 1, 0, NULL),
(264, 264, 1, 0, NULL),
(265, 265, 1, 0, NULL),
(266, 266, 1, 0, NULL),
(267, 267, 1, 0, NULL),
(268, 268, 1, 0, NULL),
(269, 269, 1, 0, NULL),
(270, 270, 1, 0, NULL),
(271, 271, 1, 0, NULL),
(272, 272, 1, 0, NULL),
(273, 273, 1, 0, NULL),
(274, 274, 1, 0, NULL),
(275, 275, 1, 0, NULL),
(276, 276, 1, 0, NULL),
(277, 277, 1, 0, NULL),
(278, 278, 1, 0, NULL),
(279, 279, 1, 0, NULL),
(280, 280, 1, 0, NULL),
(281, 281, 1, 0, NULL),
(282, 282, 1, 0, NULL),
(283, 283, 1, 0, NULL),
(284, 284, 1, 0, NULL),
(285, 285, 1, 0, NULL),
(286, 286, 1, 0, NULL),
(287, 287, 1, 0, NULL),
(288, 288, 1, 0, NULL),
(289, 289, 1, 0, NULL),
(290, 290, 1, 0, NULL),
(291, 291, 1, 0, NULL),
(292, 292, 1, 0, NULL),
(293, 293, 1, 0, NULL),
(294, 294, 1, 0, NULL),
(295, 295, 1, 0, NULL),
(296, 296, 1, 0, NULL),
(297, 297, 1, 0, NULL),
(298, 298, 1, 0, NULL),
(299, 299, 1, 0, NULL),
(300, 300, 1, 0, NULL),
(301, 301, 1, 0, NULL),
(302, 302, 1, 0, NULL),
(303, 303, 1, 0, NULL),
(304, 304, 1, 0, NULL),
(305, 305, 1, 0, NULL),
(306, 306, 1, 0, NULL),
(307, 307, 1, 0, NULL),
(308, 308, 1, 0, NULL),
(309, 309, 1, 0, NULL),
(310, 310, 1, 0, NULL),
(311, 311, 1, 0, NULL),
(312, 312, 1, 0, NULL),
(313, 313, 1, 0, NULL),
(314, 314, 1, 0, NULL),
(315, 315, 1, 0, NULL),
(316, 316, 1, 0, NULL),
(317, 317, 1, 0, NULL),
(318, 318, 1, 0, NULL),
(319, 319, 1, 0, NULL),
(320, 320, 1, 0, NULL),
(321, 321, 1, 0, NULL),
(322, 322, 1, 0, NULL),
(323, 323, 1, 0, NULL),
(324, 324, 1, 0, NULL),
(325, 325, 1, 0, NULL),
(326, 326, 1, 0, NULL),
(327, 327, 1, 0, NULL),
(328, 328, 1, 0, NULL),
(329, 329, 1, 0, NULL),
(330, 330, 1, 0, NULL),
(331, 331, 1, 0, NULL),
(332, 332, 1, 0, NULL),
(333, 333, 1, 0, NULL),
(334, 334, 1, 0, NULL),
(335, 335, 1, 0, NULL),
(336, 336, 1, 0, NULL),
(337, 337, 1, 0, NULL),
(338, 338, 1, 0, NULL),
(339, 339, 1, 0, NULL),
(340, 340, 1, 0, NULL),
(341, 341, 1, 0, NULL),
(342, 342, 1, 0, NULL),
(343, 343, 1, 0, NULL),
(344, 344, 1, 0, NULL),
(345, 345, 1, 0, NULL),
(346, 346, 1, 0, NULL),
(347, 347, 1, 0, NULL),
(348, 348, 1, 0, NULL),
(349, 349, 1, 0, NULL),
(350, 350, 1, 0, NULL),
(351, 351, 1, 0, NULL),
(352, 352, 1, 0, NULL),
(353, 353, 1, 0, NULL),
(354, 354, 1, 0, NULL),
(355, 355, 1, 0, NULL),
(356, 356, 1, 0, NULL),
(357, 357, 1, 0, NULL),
(358, 358, 1, 0, NULL),
(359, 359, 1, 0, NULL),
(360, 360, 1, 0, NULL),
(361, 361, 1, 0, NULL),
(362, 362, 1, 0, NULL),
(363, 363, 1, 0, NULL),
(364, 364, 1, 0, NULL),
(365, 365, 1, 0, NULL),
(366, 366, 1, 0, NULL),
(367, 367, 1, 0, NULL),
(368, 368, 1, 0, NULL),
(369, 369, 1, 0, NULL),
(370, 370, 1, 0, NULL),
(371, 371, 1, 0, NULL),
(372, 372, 1, 0, NULL),
(373, 373, 1, 0, NULL),
(374, 374, 1, 0, NULL),
(375, 375, 1, 0, NULL),
(376, 376, 1, 0, NULL),
(377, 377, 1, 0, NULL),
(378, 378, 1, 0, NULL),
(379, 379, 1, 0, NULL),
(380, 380, 1, 0, NULL),
(381, 381, 1, 0, NULL),
(382, 382, 1, 0, NULL),
(383, 383, 1, 0, NULL),
(384, 384, 1, 0, NULL),
(385, 385, 1, 0, NULL),
(386, 386, 1, 0, NULL),
(387, 387, 1, 0, NULL),
(388, 388, 1, 0, NULL),
(389, 389, 1, 0, NULL),
(390, 390, 1, 0, NULL),
(391, 391, 1, 0, NULL),
(392, 392, 1, 0, NULL),
(393, 393, 1, 0, NULL),
(394, 394, 1, 0, NULL),
(395, 395, 1, 0, NULL),
(396, 396, 1, 0, NULL),
(397, 397, 1, 0, NULL),
(398, 398, 1, 0, NULL),
(399, 399, 1, 0, NULL),
(400, 400, 1, 0, NULL),
(401, 401, 1, 0, NULL),
(402, 402, 1, 0, NULL),
(403, 403, 1, 0, NULL),
(404, 404, 1, 0, NULL),
(405, 405, 1, 0, NULL),
(406, 406, 1, 0, NULL),
(407, 407, 1, 0, NULL),
(408, 408, 1, 0, NULL),
(409, 409, 1, 0, NULL),
(410, 410, 1, 0, NULL),
(411, 411, 1, 0, NULL),
(412, 412, 1, 0, NULL),
(413, 413, 1, 0, NULL),
(414, 414, 1, 0, NULL),
(415, 415, 1, 0, NULL),
(416, 416, 1, 0, NULL),
(417, 417, 1, 0, NULL),
(418, 418, 1, 0, NULL),
(419, 419, 1, 0, NULL),
(420, 420, 1, 0, NULL),
(421, 421, 1, 0, NULL),
(422, 422, 1, 0, NULL),
(423, 423, 1, 0, NULL),
(424, 424, 1, 0, NULL),
(425, 425, 1, 0, NULL),
(426, 426, 1, 0, NULL),
(427, 427, 1, 0, NULL),
(428, 428, 1, 0, NULL),
(429, 429, 1, 0, NULL),
(430, 430, 1, 0, NULL),
(431, 431, 1, 0, NULL),
(432, 432, 1, 0, NULL),
(433, 433, 1, 0, NULL),
(434, 434, 1, 0, NULL),
(435, 435, 1, 0, NULL),
(436, 436, 1, 0, NULL),
(437, 437, 1, 0, NULL),
(438, 438, 1, 0, NULL),
(439, 439, 1, 0, NULL),
(440, 440, 1, 0, NULL),
(441, 441, 1, 0, NULL),
(442, 442, 1, 0, NULL),
(443, 443, 1, 0, NULL),
(444, 444, 1, 0, NULL),
(445, 445, 1, 0, NULL),
(446, 446, 1, 0, NULL),
(447, 447, 1, 0, NULL),
(448, 448, 1, 0, NULL),
(449, 449, 1, 0, NULL),
(450, 450, 1, 0, NULL),
(451, 451, 1, 0, NULL),
(452, 452, 1, 0, NULL),
(453, 453, 1, 0, NULL),
(454, 454, 1, 0, NULL),
(455, 455, 1, 0, NULL),
(456, 456, 1, 0, NULL),
(457, 457, 1, 0, NULL),
(458, 458, 1, 0, NULL),
(459, 459, 1, 0, NULL),
(460, 460, 1, 0, NULL),
(461, 461, 1, 0, NULL),
(462, 462, 1, 0, NULL),
(463, 463, 1, 0, NULL),
(464, 464, 1, 0, NULL),
(465, 465, 1, 0, NULL),
(466, 466, 1, 0, NULL),
(467, 467, 1, 0, NULL),
(468, 468, 1, 0, NULL),
(469, 469, 1, 0, NULL),
(470, 470, 1, 0, NULL),
(471, 471, 1, 0, NULL),
(472, 472, 1, 0, NULL),
(473, 473, 1, 0, NULL),
(474, 474, 1, 0, NULL),
(475, 475, 1, 0, NULL),
(476, 476, 1, 0, NULL),
(477, 477, 1, 0, NULL),
(478, 478, 1, 0, NULL),
(479, 479, 1, 0, NULL),
(480, 480, 1, 0, NULL),
(481, 481, 1, 0, NULL),
(482, 482, 1, 0, NULL),
(483, 483, 1, 0, NULL),
(484, 484, 1, 0, NULL),
(485, 485, 1, 0, NULL),
(486, 486, 1, 0, NULL),
(487, 487, 1, 0, NULL),
(488, 488, 1, 0, NULL),
(489, 489, 1, 0, NULL),
(490, 490, 1, 0, NULL),
(491, 491, 1, 0, NULL),
(492, 492, 1, 0, NULL),
(493, 493, 1, 0, NULL),
(494, 494, 1, 0, NULL),
(495, 495, 1, 0, NULL),
(496, 496, 1, 0, NULL),
(497, 497, 1, 0, NULL),
(498, 498, 1, 0, NULL),
(499, 499, 1, 0, NULL),
(500, 500, 1, 0, NULL),
(501, 501, 1, 0, NULL),
(502, 502, 1, 0, NULL),
(503, 503, 1, 0, NULL),
(504, 504, 1, 0, NULL),
(505, 505, 1, 0, NULL),
(506, 506, 1, 0, NULL),
(507, 507, 1, 0, NULL),
(508, 508, 1, 0, NULL),
(509, 509, 1, 0, NULL),
(510, 510, 1, 0, NULL),
(511, 511, 1, 0, NULL),
(512, 512, 1, 0, NULL),
(513, 513, 1, 0, NULL),
(514, 514, 1, 0, NULL),
(515, 515, 1, 0, NULL),
(516, 516, 1, 0, NULL),
(517, 517, 1, 0, NULL),
(518, 518, 1, 0, NULL),
(519, 519, 1, 0, NULL),
(520, 520, 1, 0, NULL),
(521, 521, 1, 0, NULL),
(522, 522, 1, 0, NULL),
(523, 523, 1, 0, NULL),
(524, 524, 1, 0, NULL),
(525, 525, 1, 0, NULL),
(526, 526, 1, 0, NULL),
(527, 527, 1, 0, NULL),
(528, 528, 1, 0, NULL),
(529, 529, 1, 0, NULL),
(530, 530, 1, 0, NULL),
(531, 531, 1, 0, NULL),
(532, 532, 1, 0, NULL),
(533, 533, 1, 0, NULL),
(534, 534, 1, 0, NULL),
(535, 535, 1, 0, NULL),
(536, 536, 1, 0, NULL),
(537, 537, 1, 0, NULL),
(538, 538, 1, 0, NULL),
(539, 539, 1, 0, NULL),
(540, 540, 1, 0, NULL),
(541, 541, 1, 0, NULL),
(542, 542, 1, 0, NULL),
(543, 543, 1, 0, NULL),
(544, 544, 1, 0, NULL),
(545, 545, 1, 0, NULL),
(546, 546, 1, 0, NULL),
(547, 547, 1, 0, NULL),
(548, 548, 1, 0, NULL),
(549, 549, 1, 0, NULL),
(550, 550, 1, 0, NULL),
(551, 551, 1, 0, NULL),
(552, 552, 1, 0, NULL),
(553, 553, 1, 0, NULL),
(554, 554, 1, 0, NULL),
(555, 555, 1, 0, NULL),
(556, 556, 1, 0, NULL),
(557, 557, 1, 0, NULL),
(558, 558, 1, 0, NULL),
(559, 559, 1, 0, NULL),
(560, 560, 1, 0, NULL),
(561, 561, 1, 0, NULL),
(562, 562, 1, 0, NULL),
(563, 563, 1, 0, NULL),
(564, 564, 1, 0, NULL),
(565, 565, 1, 0, NULL),
(566, 566, 1, 0, NULL),
(567, 567, 1, 0, NULL),
(568, 568, 1, 0, NULL),
(569, 569, 1, 0, NULL),
(570, 570, 1, 0, NULL),
(571, 571, 1, 0, NULL),
(572, 572, 1, 0, NULL),
(573, 573, 1, 0, NULL),
(574, 574, 1, 0, NULL),
(575, 575, 1, 0, NULL),
(576, 576, 1, 0, NULL),
(577, 577, 1, 0, NULL),
(578, 578, 1, 0, NULL),
(579, 579, 1, 0, NULL),
(580, 580, 1, 0, NULL),
(581, 581, 1, 0, NULL),
(582, 582, 1, 0, NULL),
(583, 583, 1, 0, NULL),
(584, 584, 1, 0, NULL),
(585, 585, 1, 0, NULL),
(586, 586, 1, 0, NULL),
(587, 587, 1, 0, NULL),
(588, 588, 1, 0, NULL),
(589, 589, 1, 0, NULL),
(590, 590, 1, 0, NULL),
(591, 591, 1, 0, NULL),
(592, 592, 1, 0, NULL),
(593, 593, 1, 0, NULL),
(594, 594, 1, 0, NULL),
(595, 595, 1, 0, NULL),
(596, 596, 1, 0, NULL),
(597, 597, 1, 0, NULL),
(598, 598, 1, 0, NULL),
(599, 599, 1, 0, NULL),
(600, 600, 1, 0, NULL),
(601, 601, 1, 0, NULL),
(602, 602, 1, 0, NULL),
(603, 603, 1, 0, NULL),
(604, 604, 1, 0, NULL),
(605, 605, 1, 0, NULL),
(606, 606, 1, 0, NULL),
(607, 607, 1, 0, NULL),
(608, 608, 1, 0, NULL),
(609, 609, 1, 0, NULL),
(610, 610, 1, 0, NULL),
(611, 611, 1, 0, NULL),
(612, 612, 1, 0, NULL),
(613, 613, 1, 0, NULL),
(614, 614, 1, 0, NULL),
(615, 615, 1, 0, NULL),
(616, 616, 1, 0, NULL),
(617, 617, 1, 0, NULL),
(618, 618, 1, 0, NULL),
(619, 619, 1, 0, NULL),
(620, 620, 1, 0, NULL),
(621, 621, 1, 0, NULL),
(622, 622, 1, 0, NULL),
(623, 623, 1, 0, NULL),
(624, 624, 1, 0, NULL),
(625, 625, 1, 0, NULL),
(626, 626, 1, 0, NULL),
(627, 627, 1, 0, NULL),
(628, 628, 1, 0, NULL),
(629, 629, 1, 0, NULL),
(630, 630, 1, 0, NULL),
(631, 631, 1, 0, NULL),
(632, 632, 1, 0, NULL),
(633, 633, 1, 0, NULL),
(634, 634, 1, 0, NULL),
(635, 635, 1, 0, NULL),
(636, 636, 1, 0, NULL),
(637, 637, 1, 0, NULL),
(638, 638, 1, 0, NULL),
(639, 639, 1, 0, NULL),
(640, 640, 1, 0, NULL),
(641, 641, 1, 0, NULL),
(642, 642, 1, 0, NULL),
(643, 643, 1, 0, NULL),
(644, 644, 1, 0, NULL),
(645, 645, 1, 0, NULL),
(646, 646, 1, 0, NULL),
(647, 647, 1, 0, NULL),
(648, 648, 1, 0, NULL),
(649, 649, 1, 0, NULL),
(650, 650, 1, 0, NULL),
(651, 651, 1, 0, NULL),
(652, 652, 1, 0, NULL),
(653, 653, 1, 0, NULL),
(654, 654, 1, 0, NULL),
(655, 655, 1, 0, NULL),
(656, 656, 1, 0, NULL),
(657, 657, 1, 0, NULL),
(658, 658, 1, 0, NULL),
(659, 659, 1, 0, NULL),
(660, 660, 1, 0, NULL),
(661, 661, 1, 0, NULL),
(662, 662, 1, 0, NULL),
(663, 663, 1, 0, NULL),
(664, 664, 1, 0, NULL),
(665, 665, 1, 0, NULL),
(666, 666, 1, 0, NULL),
(667, 667, 1, 0, NULL),
(668, 668, 1, 0, NULL),
(669, 669, 1, 0, NULL),
(670, 670, 1, 0, NULL),
(671, 671, 1, 0, NULL),
(672, 672, 1, 0, NULL),
(673, 673, 1, 0, NULL),
(674, 674, 1, 0, NULL),
(675, 675, 1, 0, NULL),
(676, 676, 1, 0, NULL),
(677, 677, 1, 0, NULL),
(678, 678, 1, 0, NULL),
(679, 679, 1, 0, NULL),
(680, 680, 1, 0, NULL),
(681, 681, 1, 0, NULL),
(682, 682, 1, 0, NULL),
(683, 683, 1, 0, NULL),
(684, 684, 1, 0, NULL),
(685, 685, 1, 0, NULL),
(686, 686, 1, 0, NULL),
(687, 687, 1, 0, NULL),
(688, 688, 1, 0, NULL),
(689, 689, 1, 0, NULL),
(690, 690, 1, 0, NULL),
(691, 691, 1, 0, NULL),
(692, 692, 1, 0, NULL),
(693, 693, 1, 0, NULL),
(694, 694, 1, 0, NULL),
(695, 695, 1, 0, NULL),
(696, 696, 1, 0, NULL),
(697, 697, 1, 0, NULL),
(698, 698, 1, 0, NULL),
(699, 699, 1, 0, NULL),
(700, 700, 1, 0, NULL),
(701, 701, 1, 0, NULL),
(702, 702, 1, 0, NULL),
(703, 703, 1, 0, NULL),
(704, 704, 1, 0, NULL),
(705, 705, 1, 0, NULL),
(706, 706, 1, 0, NULL),
(707, 707, 1, 0, NULL),
(708, 708, 1, 0, NULL),
(709, 709, 1, 0, NULL),
(710, 710, 1, 0, NULL),
(711, 711, 1, 0, NULL),
(712, 712, 1, 0, NULL),
(713, 713, 1, 0, NULL),
(714, 714, 1, 0, NULL),
(715, 715, 1, 0, NULL),
(716, 716, 1, 0, NULL),
(717, 717, 1, 0, NULL),
(718, 718, 1, 0, NULL),
(719, 719, 1, 0, NULL),
(720, 720, 1, 0, NULL),
(721, 721, 1, 0, NULL),
(722, 722, 1, 0, NULL),
(723, 723, 1, 0, NULL),
(724, 724, 1, 0, NULL),
(725, 725, 1, 0, NULL),
(726, 726, 1, 0, NULL),
(727, 727, 1, 0, NULL),
(728, 728, 1, 0, NULL),
(729, 729, 1, 0, NULL),
(730, 730, 1, 0, NULL),
(731, 731, 1, 0, NULL),
(732, 732, 1, 0, NULL),
(733, 733, 1, 0, NULL),
(734, 734, 1, 0, NULL),
(735, 735, 1, 0, NULL),
(736, 736, 1, 0, NULL),
(737, 737, 1, 0, NULL),
(738, 738, 1, 0, NULL),
(739, 739, 1, 0, NULL),
(740, 740, 1, 0, NULL),
(741, 741, 1, 0, NULL),
(742, 742, 1, 0, NULL),
(743, 743, 1, 0, NULL),
(744, 744, 1, 0, NULL),
(745, 745, 1, 0, NULL),
(746, 746, 1, 0, NULL),
(747, 747, 1, 0, NULL),
(748, 748, 1, 0, NULL),
(749, 749, 1, 0, NULL),
(750, 750, 1, 0, NULL),
(751, 751, 1, 0, NULL),
(752, 752, 1, 0, NULL),
(753, 753, 1, 0, NULL),
(754, 754, 1, 0, NULL),
(755, 755, 1, 0, NULL),
(756, 756, 1, 0, NULL),
(757, 757, 1, 0, NULL),
(758, 758, 1, 0, NULL),
(759, 759, 1, 0, NULL),
(760, 760, 1, 0, NULL),
(761, 761, 1, 0, NULL),
(762, 762, 1, 0, NULL),
(763, 763, 1, 0, NULL),
(764, 764, 1, 0, NULL),
(765, 765, 1, 0, NULL),
(766, 766, 1, 0, NULL),
(767, 767, 1, 0, NULL),
(768, 768, 1, 0, NULL),
(769, 769, 1, 0, NULL),
(770, 770, 1, 0, NULL),
(771, 771, 1, 0, NULL),
(772, 772, 1, 0, NULL),
(773, 773, 1, 0, NULL),
(774, 774, 1, 0, NULL),
(775, 775, 1, 0, NULL),
(776, 776, 1, 0, NULL),
(777, 777, 1, 0, NULL),
(778, 778, 1, 0, NULL),
(779, 779, 1, 0, NULL),
(780, 780, 1, 0, NULL),
(781, 781, 1, 0, NULL),
(782, 782, 1, 0, NULL),
(783, 783, 1, 0, NULL),
(784, 784, 1, 0, NULL),
(785, 785, 1, 0, NULL),
(786, 786, 1, 0, NULL),
(787, 787, 1, 0, NULL),
(788, 788, 1, 0, NULL),
(789, 789, 1, 0, NULL),
(790, 790, 1, 0, NULL),
(791, 791, 1, 0, NULL),
(792, 792, 1, 0, NULL),
(793, 793, 1, 0, NULL),
(794, 794, 1, 0, NULL),
(795, 795, 1, 0, NULL),
(796, 796, 1, 0, NULL),
(797, 797, 1, 0, NULL),
(798, 798, 1, 0, NULL),
(799, 799, 1, 0, NULL),
(800, 800, 1, 0, NULL),
(801, 801, 1, 0, NULL),
(802, 802, 1, 0, NULL),
(803, 803, 1, 0, NULL),
(804, 804, 1, 0, NULL),
(805, 805, 1, 0, NULL),
(806, 806, 1, 0, NULL),
(807, 807, 1, 0, NULL),
(808, 808, 1, 0, NULL),
(809, 809, 1, 0, NULL),
(810, 810, 1, 0, NULL),
(811, 811, 1, 0, NULL),
(812, 812, 1, 0, NULL),
(813, 813, 1, 0, NULL),
(814, 814, 1, 0, NULL),
(815, 815, 1, 0, NULL),
(816, 816, 1, 0, NULL),
(817, 817, 1, 0, NULL),
(818, 818, 1, 0, NULL),
(819, 819, 1, 0, NULL),
(820, 820, 1, 0, NULL),
(821, 821, 1, 0, NULL),
(822, 822, 1, 0, NULL),
(823, 823, 1, 0, NULL),
(824, 824, 1, 0, NULL),
(825, 825, 1, 0, NULL),
(826, 826, 1, 0, NULL),
(827, 827, 1, 0, NULL),
(828, 828, 1, 0, NULL),
(829, 829, 1, 0, NULL),
(830, 830, 1, 0, NULL),
(831, 831, 1, 0, NULL),
(832, 832, 1, 0, NULL),
(833, 833, 1, 0, NULL),
(834, 834, 1, 0, NULL),
(835, 835, 1, 0, NULL),
(836, 836, 1, 0, NULL),
(837, 837, 1, 0, NULL),
(838, 838, 1, 0, NULL),
(839, 839, 1, 0, NULL),
(840, 840, 1, 0, NULL),
(841, 841, 1, 0, NULL),
(842, 842, 1, 0, NULL),
(843, 843, 1, 0, NULL),
(844, 844, 1, 0, NULL),
(845, 845, 1, 0, NULL),
(846, 846, 1, 0, NULL),
(847, 847, 1, 0, NULL),
(848, 848, 1, 0, NULL),
(849, 849, 1, 0, NULL),
(850, 850, 1, 0, NULL),
(851, 851, 1, 0, NULL),
(852, 852, 1, 0, NULL),
(853, 853, 1, 0, NULL),
(854, 854, 1, 0, NULL),
(855, 855, 1, 0, NULL),
(856, 856, 1, 0, NULL),
(857, 857, 1, 0, NULL),
(858, 858, 1, 0, NULL),
(859, 859, 1, 0, NULL),
(860, 860, 1, 0, NULL),
(861, 861, 1, 0, NULL),
(862, 862, 1, 0, NULL),
(863, 863, 1, 0, NULL),
(864, 864, 1, 0, NULL),
(865, 865, 1, 0, NULL),
(866, 866, 1, 0, NULL),
(867, 867, 1, 0, NULL),
(868, 868, 1, 0, NULL),
(869, 869, 1, 0, NULL),
(870, 870, 1, 0, NULL),
(871, 871, 1, 0, NULL),
(872, 872, 1, 0, NULL),
(873, 873, 1, 0, NULL),
(874, 874, 1, 0, NULL),
(875, 875, 1, 0, NULL),
(876, 876, 1, 0, NULL),
(877, 877, 1, 0, NULL),
(878, 878, 1, 0, NULL),
(879, 879, 1, 0, NULL),
(880, 880, 1, 0, NULL),
(881, 881, 1, 0, NULL),
(882, 882, 1, 0, NULL),
(883, 883, 1, 0, NULL),
(884, 884, 1, 0, NULL),
(885, 885, 1, 0, NULL),
(886, 886, 1, 0, NULL),
(887, 887, 1, 0, NULL),
(888, 888, 1, 0, NULL),
(889, 889, 1, 0, NULL),
(890, 890, 1, 0, NULL),
(891, 891, 1, 0, NULL),
(892, 892, 1, 0, NULL),
(893, 893, 1, 0, NULL),
(894, 894, 1, 0, NULL),
(895, 895, 1, 0, NULL),
(896, 896, 1, 0, NULL),
(897, 897, 1, 0, NULL),
(898, 898, 1, 0, NULL),
(899, 899, 1, 0, NULL),
(900, 900, 1, 0, NULL),
(901, 901, 1, 0, NULL),
(902, 902, 1, 0, NULL),
(903, 903, 1, 0, NULL),
(904, 904, 1, 0, NULL),
(905, 905, 1, 0, NULL),
(906, 906, 1, 0, NULL),
(907, 907, 1, 0, NULL),
(908, 908, 1, 0, NULL),
(909, 909, 1, 0, NULL),
(910, 910, 1, 0, NULL),
(911, 911, 1, 0, NULL),
(912, 912, 1, 0, NULL),
(913, 913, 1, 0, NULL),
(914, 914, 1, 0, NULL),
(915, 915, 1, 0, NULL),
(916, 916, 1, 0, NULL),
(917, 917, 1, 0, NULL),
(918, 918, 1, 0, NULL),
(919, 919, 1, 0, NULL),
(920, 920, 1, 0, NULL),
(921, 921, 1, 0, NULL),
(922, 922, 1, 0, NULL),
(923, 923, 1, 0, NULL),
(924, 924, 1, 0, NULL),
(925, 925, 1, 0, NULL),
(926, 926, 1, 0, NULL),
(927, 927, 1, 0, NULL),
(928, 928, 1, 0, NULL),
(929, 929, 1, 0, NULL),
(930, 930, 1, 0, NULL),
(931, 931, 1, 0, NULL),
(932, 932, 1, 0, NULL),
(933, 933, 1, 0, NULL),
(934, 934, 1, 0, NULL),
(935, 935, 1, 0, NULL),
(936, 936, 1, 0, NULL),
(937, 937, 1, 0, NULL),
(938, 938, 1, 0, NULL),
(939, 939, 1, 0, NULL),
(940, 940, 1, 0, NULL),
(941, 941, 1, 0, NULL),
(942, 942, 1, 0, NULL),
(943, 943, 1, 0, NULL),
(944, 944, 1, 0, NULL),
(945, 945, 1, 0, NULL),
(946, 946, 1, 0, NULL),
(947, 947, 1, 0, NULL),
(948, 948, 1, 0, NULL),
(949, 949, 1, 0, NULL),
(950, 950, 1, 0, NULL),
(951, 951, 1, 0, NULL),
(952, 952, 1, 0, NULL),
(953, 953, 1, 0, NULL),
(954, 954, 1, 0, NULL),
(955, 955, 1, 0, NULL),
(956, 956, 1, 0, NULL),
(957, 957, 1, 0, NULL),
(958, 958, 1, 0, NULL),
(959, 959, 1, 0, NULL),
(960, 960, 1, 0, NULL),
(961, 961, 1, 0, NULL),
(962, 962, 1, 0, NULL),
(963, 963, 1, 0, NULL),
(964, 964, 1, 0, NULL),
(965, 965, 1, 0, NULL),
(966, 966, 1, 0, NULL),
(967, 967, 1, 0, NULL),
(968, 968, 1, 0, NULL),
(969, 969, 1, 0, NULL),
(970, 970, 1, 0, NULL),
(971, 971, 1, 0, NULL),
(972, 972, 1, 0, NULL),
(973, 973, 1, 0, NULL),
(974, 974, 1, 0, NULL),
(975, 975, 1, 0, NULL),
(976, 976, 1, 0, NULL),
(977, 977, 1, 0, NULL),
(978, 978, 1, 0, NULL),
(979, 979, 1, 0, NULL),
(980, 980, 1, 0, NULL),
(981, 981, 1, 0, NULL),
(982, 982, 1, 0, NULL),
(983, 983, 1, 0, NULL),
(984, 984, 1, 0, NULL),
(985, 985, 1, 0, NULL),
(986, 986, 1, 0, NULL),
(987, 987, 1, 0, NULL),
(988, 988, 1, 0, NULL),
(989, 989, 1, 0, NULL),
(990, 990, 1, 0, NULL),
(991, 991, 1, 0, NULL),
(992, 992, 1, 0, NULL),
(993, 993, 1, 0, NULL),
(994, 994, 1, 0, NULL),
(995, 995, 1, 0, NULL),
(996, 996, 1, 0, NULL),
(997, 997, 1, 0, NULL),
(998, 998, 1, 0, NULL),
(999, 999, 1, 0, NULL),
(1000, 1000, 1, 0, NULL);

-- --------------------------------------------------------

--
-- 表的结构 `order_record`
--

CREATE TABLE `order_record` (
  `id` int(10) NOT NULL,
  `goodsClassID` int(10) NOT NULL,
  `goodsNo` int(10) NOT NULL,
  `clientName` varchar(30) NOT NULL,
  `finishTime` varchar(30) NOT NULL
) ENGINE=InnoDB DEFAULT CHARSET=utf8;

--
-- 转存表中的数据 `order_record`
--

INSERT INTO `order_record` (`id`, `goodsClassID`, `goodsNo`, `clientName`, `finishTime`) VALUES
(9, 1, 1, 'clientuser1', '2020-12-29 19:35:11'),
(10, 1, 2, 'clientuser2', '2020-12-29 19:52:33'),
(11, 1, 3, 'clientuser3', '2020-12-29 21:58:42'),
(13, 1, 4, 'clientuser4', '2020-12-30 10:49:08'),
(14, 1, 5, 'clientuser5', '2020-12-30 10:52:41'),
(15, 1, 6, 'clientuser6', '2021-01-01 12:44:13'),
(16, 1, 7, 'clientuser7', '2021-01-02 15:46:41'),
(17, 1, 8, 'clientuser8', '2021-01-02 19:16:56'),
(18, 1, 9, 'clientuser9', '2021-01-02 20:31:47'),
(19, 1, 10, 'clientuser10', '2021-01-02 20:42:10');

--
-- 转储表的索引
--

--
-- 表的索引 `admin_group`
--
ALTER TABLE `admin_group`
  ADD PRIMARY KEY (`id`),
  ADD KEY `listorder` (`listorder`);

--
-- 表的索引 `admin_group_access`
--
ALTER TABLE `admin_group_access`
  ADD UNIQUE KEY `uid_group_id` (`uid`,`group_id`),
  ADD KEY `uid` (`uid`),
  ADD KEY `group_id` (`group_id`);

--
-- 表的索引 `admin_log`
--
ALTER TABLE `admin_log`
  ADD PRIMARY KEY (`id`);

--
-- 表的索引 `admin_menu`
--
ALTER TABLE `admin_menu`
  ADD PRIMARY KEY (`id`),
  ADD KEY `listorder` (`listorder`),
  ADD KEY `parentid` (`parentid`);

--
-- 表的索引 `admin_user`
--
ALTER TABLE `admin_user`
  ADD PRIMARY KEY (`id`);

--
-- 表的索引 `client_user`
--
ALTER TABLE `client_user`
  ADD PRIMARY KEY (`id`),
  ADD UNIQUE KEY `username` (`username`);

--
-- 表的索引 `goods_class`
--
ALTER TABLE `goods_class`
  ADD PRIMARY KEY (`id`);

--
-- 表的索引 `goods_detail`
--
ALTER TABLE `goods_detail`
  ADD PRIMARY KEY (`id`);

--
-- 表的索引 `order_record`
--
ALTER TABLE `order_record`
  ADD PRIMARY KEY (`id`);

--
-- 在导出的表使用AUTO_INCREMENT
--

--
-- 使用表AUTO_INCREMENT `admin_group`
--
ALTER TABLE `admin_group`
  MODIFY `id` tinyint(3) UNSIGNED NOT NULL AUTO_INCREMENT, AUTO_INCREMENT=4;

--
-- 使用表AUTO_INCREMENT `admin_log`
--
ALTER TABLE `admin_log`
  MODIFY `id` int(10) UNSIGNED NOT NULL AUTO_INCREMENT, AUTO_INCREMENT=623;

--
-- 使用表AUTO_INCREMENT `admin_menu`
--
ALTER TABLE `admin_menu`
  MODIFY `id` smallint(6) UNSIGNED NOT NULL AUTO_INCREMENT, AUTO_INCREMENT=34;

--
-- 使用表AUTO_INCREMENT `admin_user`
--
ALTER TABLE `admin_user`
  MODIFY `id` int(10) NOT NULL AUTO_INCREMENT, AUTO_INCREMENT=6;

--
-- 使用表AUTO_INCREMENT `client_user`
--
ALTER TABLE `client_user`
  MODIFY `id` int(10) NOT NULL AUTO_INCREMENT, AUTO_INCREMENT=1001;

--
-- 使用表AUTO_INCREMENT `goods_class`
--
ALTER TABLE `goods_class`
  MODIFY `id` int(10) NOT NULL AUTO_INCREMENT, AUTO_INCREMENT=3;

--
-- 使用表AUTO_INCREMENT `goods_detail`
--
ALTER TABLE `goods_detail`
  MODIFY `id` int(10) NOT NULL AUTO_INCREMENT, AUTO_INCREMENT=1001;

--
-- 使用表AUTO_INCREMENT `order_record`
--
ALTER TABLE `order_record`
  MODIFY `id` int(10) NOT NULL AUTO_INCREMENT, AUTO_INCREMENT=20;
COMMIT;

/*!40101 SET CHARACTER_SET_CLIENT=@OLD_CHARACTER_SET_CLIENT */;
/*!40101 SET CHARACTER_SET_RESULTS=@OLD_CHARACTER_SET_RESULTS */;
/*!40101 SET COLLATION_CONNECTION=@OLD_COLLATION_CONNECTION */;
